"Make","Model","Price","Mileage"
"FORD","FIESTA",6795,17301
"FORD","FIESTA",7000,11888
"FORD","FIESTA",6783,8357
"FORD","FIESTA",7995,6081
"FORD","FIESTA",8995,10150
"FORD","FIESTA",8500,9519
"FORD","FIESTA",10995,5
"FORD","FIESTA",8985,10
"FORD","FIESTA",8600,7130
"FORD","FIESTA",7299,12486
"FORD","FIESTA",6999,24446
"FORD","FIESTA",8295,15636
"FORD","FIESTA",7999,18888
"FORD","FIESTA",7000,8060
"FORD","FIESTA",7400,21250
"FORD","FIESTA",7990,18600
"FORD","FIESTA",6995,21500
"FORD","FIESTA",6990,22000
"FORD","FIESTA",6572,29496
"FORD","FIESTA",7690,15438
"FORD","FIESTA",7995,17780
"FORD","FIESTA",7810,30664
"FORD","FIESTA",7250,14200
"FORD","FIESTA",6295,27481
"FORD","FIESTA",6400,23656
"FORD","FIESTA",7995,14888
"FORD","FIESTA",6995,17587
"FORD","FIESTA",6995,19971
"FORD","FIESTA",7950,6819
"FORD","FIESTA",8500,7755
"FORD","FIESTA",10000,2007
"FORD","FIESTA",6495,10523
"FORD","FIESTA",7700,8412
"FORD","FIESTA",6295,11272
"FORD","FIESTA",7490,36480
"FORD","FIESTA",8400,4500
"FORD","FIESTA",7500,21381
"FORD","FIESTA",6971,11925
"FORD","FIESTA",6650,17255
"FORD","FIESTA",7995,9593
"FORD","FIESTA",6578,28928
"FORD","FIESTA",9295,11348
"FORD","FIESTA",6399,20000
"FORD","FIESTA",7750,9169
"FORD","FIESTA",7170,22554
"FORD","FIESTA",7495,21481
"FORD","FIESTA",7191,10193
"FORD","FIESTA",8290,8600
"FORD","FIESTA",7999,20410
"FORD","FIESTA",7850,16302
"FORD","FIESTA",7295,16339
"FORD","FIESTA",5990,39450
"FORD","FIESTA",7599,18188
"FORD","FIESTA",9995,3800
"FORD","FIESTA",9150,5196
"FORD","FIESTA",6497,24566
"FORD","FIESTA",6996,25422
"FORD","FIESTA",9495,7641
"FORD","FIESTA",8500,4753
"FORD","FIESTA",10294,2322
"FORD","FIESTA",7800,12535
"FORD","FIESTA",6042,37178
"FORD","FIESTA",7995,2000
"FORD","FIESTA",7993,13316
"FORD","FIESTA",6990,21000
"FORD","FIESTA",5978,18306
"FORD","FIESTA",7980,21000
"FORD","FIESTA",7292,18000
"FORD","FIESTA",9495,8171
"FORD","FIESTA",7500,10046
"FORD","FIESTA",6998,10283
"FORD","FIESTA",6791,11704
"FORD","FIESTA",7999,24385
"FORD","FIESTA",8799,7267
"FORD","FIESTA",7300,11003
"FORD","FIESTA",8795,3500
"FORD","FIESTA",6980,34662
"FORD","FIESTA",9300,3743
"FORD","FIESTA",5995,31000
"FORD","FIESTA",6150,28450
"FORD","FIESTA",6750,20865
"FORD","FIESTA",7392,3853
"FORD","FIESTA",6988,14043
"FORD","FIESTA",8997,13556
"FORD","FIESTA",9695,2463
"FORD","FIESTA",6795,31652
"FORD","FIESTA",8960,2305
"FORD","FIESTA",8999,7366
"FORD","FIESTA",8995,4012
"FORD","FIESTA",8489,11557
"FORD","FIESTA",7490,23129
"FORD","FIESTA",6700,30545
"FORD","FIESTA",7250,15000
"FORD","FIESTA",7000,24922
"FORD","FIESTA",7000,21629
"FORD","FIESTA",10600,300
"FORD","FIESTA",8299,14487
"FORD","FIESTA",7307,15072
"FORD","FIESTA",8300,12541
"FORD","FIESTA",6000,44207
"FORD","FIESTA",6841,13786
"FORD","FIESTA",6750,22701
"FORD","FIESTA",9395,3129
"FORD","FIESTA",8295,5135
"FORD","FIESTA",6654,24883
"FORD","FIESTA",9000,6921
"FORD","FIESTA",6995,35752
"FORD","FIESTA",8299,20818
"FORD","FIESTA",9850,151
"FORD","FIESTA",5990,41250
"FORD","FIESTA",7994,9190
"FORD","FIESTA",7290,10000
"FORD","FIESTA",6991,9661
"FORD","FIESTA",6800,26083
"FORD","FIESTA",9000,9737
"FORD","FIESTA",9995,3334
"FORD","FIESTA",7800,16000
"FORD","FIESTA",6750,12161
"FORD","FIESTA",8597,11895
"FORD","FIESTA",5989,26000
"FORD","FIESTA",7000,6702
"FORD","FIESTA",7950,19498
"FORD","FIESTA",6500,10271
"FORD","FIESTA",7995,15200
"FORD","FIESTA",8995,23401
"FORD","FIESTA",6990,13932
"FORD","FIESTA",8299,8941
"FORD","FIESTA",8200,4950
"FORD","FIESTA",6995,23700
"FORD","FIESTA",7991,5656
"FORD","FIESTA",8700,7538
"FORD","FIESTA",8500,11324
"FORD","FIESTA",7799,12000
"FORD","FIESTA",6990,13452
"FORD","FIESTA",7218,19231
"FORD","FIESTA",9861,7061
"FORD","FIESTA",7695,23000
"FORD","FIESTA",8300,10032
"FORD","FIESTA",7550,4232
"FORD","FIESTA",6437,20716
"FORD","FIESTA",7990,13281
"FORD","FIESTA",9290,5228
"FORD","FIESTA",8740,4367
"FORD","FIESTA",6760,10522
"FORD","FIESTA",7362,15096
"FORD","FIESTA",7995,12988
"FORD","FIESTA",8890,2200
"FORD","FIESTA",6538,6907
"FORD","FIESTA",7875,2645
"FORD","FIESTA",7000,33013
"FORD","FIESTA",7991,3548
"FORD","FIESTA",8599,9688
"FORD","FIESTA",8000,5421
"FORD","FIESTA",6857,11146
"FORD","FIESTA",9400,7
"FORD","FIESTA",7995,7562
"FORD","FIESTA",6750,19600
"FORD","FIESTA",8000,26306
"FORD","FIESTA",6190,20668
"FORD","FIESTA",6995,1060
"FORD","FIESTA",7758,22828
"FORD","FIESTA",8597,6612
"FORD","FIESTA",8995,10446
"FORD","FIESTA",10495,10
"FORD","FIESTA",7980,10624
"FORD","FIESTA",7500,5349
"FORD","FIESTA",6491,22568
"FORD","FIESTA",7389,8400
"FORD","FIESTA",7000,25757
"FORD","FIESTA",8300,13113
"FORD","FIESTA",7000,9716
"FORD","FIESTA",6000,27236
"FORD","FIESTA",7494,13607
"FORD","FIESTA",7299,16295
"FORD","FIESTA",5995,33000
"FORD","FIESTA",7995,12853
"FORD","FIESTA",6850,19000
"FORD","FIESTA",5995,39458
"FORD","FIESTA",8860,5199
"FORD","FIESTA",8000,10374
"FORD","FIESTA",6528,21001
"FORD","FIESTA",8800,3021
"FORD","FIESTA",6704,39201
"FORD","FIESTA",6401,15792
"FORD","FIESTA",8995,10720
"FORD","FIESTA",6995,40690
"FORD","FIESTA",8144,5050
"FORD","FIESTA",9000,8767
"FORD","FIESTA",6500,21009
"FORD","FIESTA",6495,38622
"FORD","FIESTA",6990,16808
"FORD","FIESTA",8650,8934
"FORD","FIESTA",7950,10860
"FORD","FIESTA",6400,18000
"FORD","FIESTA",7200,8124
"FORD","FIESTA",8495,11524
"FORD","FIESTA",6590,34021
"FORD","FIESTA",7490,5411
"FORD","FIESTA",8299,11215
"FORD","FIESTA",6998,22233
"FORD","FIESTA",7399,7014
"FORD","FIESTA",7377,4867
"FORD","FIESTA",6995,27834
"FORD","FIESTA",8500,6142
"FORD","FIESTA",6700,16266
"FORD","FIESTA",8000,22000
"FORD","FIESTA",8495,6683
"FORD","FIESTA",7199,24839
"FORD","FIESTA",5980,26000
"FORD","FIESTA",5900,46000
"FORD","FIESTA",7088,16245
"FORD","FIESTA",6595,14860
"FORD","FIESTA",6338,41596
"FORD","FIESTA",7995,13800
"FORD","FIESTA",8700,7136
"FORD","FIESTA",6498,7119
"FORD","FIESTA",7291,4934
"FORD","FIESTA",9295,11244
"FORD","FIESTA",6995,19173
"FORD","FIESTA",6960,11690
"FORD","FIESTA",8800,8792
"FORD","FIESTA",9950,900
"FORD","FIESTA",8197,9311
"FORD","FIESTA",8000,13000
"FORD","FIESTA",6765,20891
"FORD","FIESTA",6995,21000
"FORD","FIESTA",5995,30841
"FORD","FIESTA",9000,8920
"FORD","FIESTA",8000,9577
"FORD","FIESTA",7299,17584
"FORD","FIESTA",8000,4623
"FORD","FIESTA",8299,12569
"FORD","FIESTA",6950,11000
"FORD","FIESTA",7221,24731
"FORD","FIESTA",9000,5937
"FORD","FIESTA",8599,7375
"FORD","FIESTA",6848,6100
"FORD","FIESTA",6850,30000
"FORD","FIESTA",7995,5310
"FORD","FIESTA",7450,20036
"FORD","FIESTA",8500,7166
"FORD","FIESTA",6000,35594
"FORD","FIESTA",7699,20076
"FORD","FIESTA",7799,15468
"FORD","FIESTA",7000,11472
"FORD","FIESTA",7750,11814
"FORD","FIESTA",8500,8669
"FORD","FIESTA",6999,30040
"FORD","FIESTA",10600,10
"FORD","FIESTA",8500,7676
"FORD","FIESTA",10500,10
"FORD","FIESTA",8999,7893
"FORD","FIESTA",8695,8000
"FORD","FIESTA",7827,9044
"FORD","FIESTA",8350,11761
"FORD","FIESTA",8000,15000
"FORD","FIESTA",8995,21841
"FORD","FIESTA",8200,6513
"FORD","FIESTA",6995,28311
"FORD","FIESTA",7000,14509
"FORD","FIESTA",8799,8963
"FORD","FIESTA",7000,17664
"FORD","FIESTA",7481,8650
"FORD","FIESTA",7000,24728
"FORD","FIESTA",7995,24236
"FORD","FIESTA",8370,1895
"FORD","FIESTA",5500,36719
"FORD","FIESTA",8999,4842
"FORD","FIESTA",8400,8427
"FORD","FIESTA",11000,4998
"FORD","FIESTA",6311,8954
"FORD","FIESTA",7000,24713
"FORD","FIESTA",6800,37212
"FORD","FIESTA",7895,12791
"FORD","FIESTA",7999,3555
"FORD","FIESTA",7995,5613
"FORD","FIESTA",8200,5695
"FORD","FIESTA",7999,16727
"FORD","FIESTA",9795,12500
"FORD","FIESTA",8000,4200
"FORD","FIESTA",6995,19755
"FORD","FIESTA",7995,7985
"FORD","FIESTA",7995,10260
"FORD","FIESTA",6500,43901
"FORD","FIESTA",6992,17328
"FORD","FIESTA",8495,8719
"FORD","FIESTA",6990,5294
"FORD","FIESTA",7328,27668
"FORD","FIESTA",6197,17348
"FORD","FIESTA",8600,6338
"FORD","FIESTA",7300,11571
"FORD","FIESTA",7300,14942
"FORD","FIESTA",7290,11698
"FORD","FIESTA",8950,8989
"FORD","FIESTA",8000,13707
"FORD","FIESTA",7899,7534
"FORD","FIESTA",8995,9545
"FORD","FIESTA",7999,16249
"FORD","FIESTA",5895,40000
"FORD","FIESTA",9490,6353
"FORD","FIESTA",7199,22000
"FORD","FIESTA",7995,16179
"FORD","FIESTA",10095,5500
"FORD","FIESTA",7695,19073
"FORD","FIESTA",8599,7500
"FORD","FIESTA",7599,19782
"FORD","FIESTA",7848,12914
"FORD","FIESTA",11495,10
"FORD","FIESTA",7995,12633
"FORD","FIESTA",7299,6663
"FORD","FIESTA",7790,14622
"FORD","FIESTA",9490,17
"FORD","FIESTA",8599,8156
"FORD","FIESTA",6390,15900
"FORD","FIESTA",6585,23289
"FORD","FIESTA",8500,10148
"FORD","FIESTA",8500,11078
"FORD","FIESTA",10000,8000
"FORD","FIESTA",8000,14854
"FORD","FIESTA",7391,27452
"FORD","FIESTA",6248,35094
"FORD","FIESTA",9570,5027
"FORD","FIESTA",8290,12000
"FORD","FIESTA",6491,29000
"FORD","FIESTA",6990,19000
"FORD","FIESTA",7000,6277
"FORD","FIESTA",7675,11939
"FORD","FIESTA",6695,29000
"FORD","FIESTA",8300,7699
"FORD","FIESTA",9090,2144
"FORD","FIESTA",6000,31018
"FORD","FIESTA",6699,23914
"FORD","FIESTA",7791,23570
"FORD","FIESTA",7999,16052
"FORD","FIESTA",7448,12360
"FORD","FIESTA",7075,4714
"FORD","FIESTA",6500,39000
"FORD","FIESTA",7499,22893
"FORD","FIESTA",7300,14416
"FORD","FIESTA",8750,10454
"FORD","FIESTA",7299,29245
"FORD","FIESTA",6970,34575
"FORD","FIESTA",7995,2140
"FORD","FIESTA",6391,8111
"FORD","FIESTA",8200,7753
"FORD","FIESTA",8299,10794
"FORD","FIESTA",11995,580
"FORD","FIESTA",8400,9296
"FORD","FIESTA",7995,19580
"FORD","FIESTA",5891,61165
"FORD","FIESTA",7370,11903
"FORD","FIESTA",7000,33561
"FORD","FIESTA",9795,101
"FORD","FIESTA",7500,10725
"FORD","FIESTA",7000,22606
"FORD","FIESTA",8495,4530
"FORD","FIESTA",7290,38511
"FORD","FIESTA",6350,27562
"FORD","FIESTA",8699,6348
"FORD","FIESTA",5998,33884
"FORD","FIESTA",7242,7912
"FORD","FIESTA",6608,20080
"FORD","FIESTA",7500,22509
"FORD","FIESTA",7499,13507
"FORD","FIESTA",7300,11460
"FORD","FIESTA",6995,5881
"FORD","FIESTA",6495,7502
"FORD","FIESTA",7999,7869
"FORD","FIESTA",6500,19844
"FORD","FIESTA",7700,16668
"FORD","FIESTA",7198,29647
"FORD","FIESTA",6289,30536
"FORD","FIESTA",8199,7150
"FORD","FIESTA",6191,18206
"FORD","FIESTA",5500,69264
"FORD","FIESTA",8299,13589
"FORD","FIESTA",9270,3270
"FORD","FIESTA",7290,3354
"FORD","FIESTA",11000,100
"FORD","FIESTA",8180,8279
"FORD","FIESTA",6495,11541
"FORD","FIESTA",8500,6577
"FORD","FIESTA",6795,22597
"FORD","FIESTA",7900,13255
"FORD","FIESTA",7475,9706
"FORD","FIESTA",7999,16727
"FORD","FIESTA",7995,10534
"FORD","FIESTA",6250,23000
"FORD","FIESTA",8490,2000
"FORD","FIESTA",8250,6079
"FORD","FIESTA",6675,20857
"FORD","FIESTA",6748,21447
"FORD","FIESTA",6799,26128
"FORD","FIESTA",7237,21168
"FORD","FIESTA",9995,10
"FORD","FIESTA",8000,14036
"FORD","FIESTA",6740,26546
"FORD","FIESTA",8398,6124
"FORD","FIESTA",6487,23449
"FORD","FIESTA",7000,14040
"FORD","FIESTA",6750,18014
"FORD","FIESTA",10699,5107
"FORD","FIESTA",9599,12701
"FORD","FIESTA",6349,31618
"FORD","FIESTA",8490,11754
"FORD","FIESTA",6908,19300
"FORD","FIESTA",6800,13651
"FORD","FIESTA",7495,17500
"FORD","FIESTA",6495,32000
"FORD","FIESTA",7000,18000
"FORD","FIESTA",9347,1804
"FORD","FIESTA",6299,33797
"FORD","FIESTA",8800,10231
"FORD","FIESTA",7500,17477
"FORD","FIESTA",6500,26244
"FORD","FIESTA",7500,12058
"FORD","FIESTA",7995,14700
"FORD","FIESTA",7000,21209
"FORD","FIESTA",5970,26000
"FORD","FIESTA",7500,17404
"FORD","FIESTA",9000,9516
"FORD","FIESTA",11000,4604
"FORD","FIESTA",8371,1944
"FORD","FIESTA",7500,17498
"FORD","FIESTA",8795,11803
"FORD","FIESTA",7695,11212
"FORD","FIESTA",7995,9574
"FORD","FIESTA",9990,643
"FORD","FIESTA",9049,525
"FORD","FIESTA",7999,11136
"FORD","FIESTA",9295,7471
"FORD","FIESTA",8270,5722
"FORD","FIESTA",5798,51698
"FORD","FIESTA",7250,15000
"FORD","FIESTA",7000,11579
"FORD","FIESTA",9070,2632
"FORD","FIESTA",8700,8036
"FORD","FIESTA",7000,1803
"FORD","FIESTA",6648,22166
"FORD","FIESTA",5999,39536
"FORD","FIESTA",8469,12987
"FORD","FIESTA",6599,13654
"FORD","FIESTA",8495,7315
"FORD","FIESTA",8000,11645
"FORD","FIESTA",6998,26183
"FORD","FIESTA",7714,14476
"FORD","FIESTA",8457,4546
"FORD","FIESTA",6395,29690
"FORD","FIESTA",7799,10469
"FORD","FIESTA",8191,6938
"FORD","FIESTA",8500,7533
"FORD","FIESTA",7298,13035
"FORD","FIESTA",6052,46141
"FORD","FIESTA",7500,3887
"FORD","FIESTA",7995,9609
"FORD","FIESTA",7945,3479
"FORD","FIESTA",7995,6541
"FORD","FIESTA",8695,17347
"FORD","FIESTA",7595,26893
"FORD","FIESTA",7599,18521
"FORD","FIESTA",6796,26154
"FORD","FIESTA",8570,2801
"FORD","FIESTA",7799,10220
"FORD","FIESTA",8195,11470
"FORD","FIESTA",7695,9381
"FORD","FIESTA",6500,18134
"FORD","FIESTA",6488,28506
"FORD","FIESTA",10400,21
"FORD","FIESTA",7290,4141
"FORD","FIESTA",5190,38655
"FORD","FIESTA",7495,17463
"FORD","FIESTA",8495,5875
"FORD","FIESTA",7795,6871
"FORD","FIESTA",7900,6800
"FORD","FIESTA",7683,1550
"FORD","FIESTA",7518,24099
"FORD","FIESTA",9495,10
"FORD","FIESTA",6495,30000
"FORD","FIESTA",8795,3833
"FORD","FIESTA",6790,14505
"FORD","FIESTA",11295,1
"FORD","FIESTA",6795,12178
"FORD","FIESTA",6749,17639
"FORD","FIESTA",10200,4217
"FORD","FIESTA",9000,3905
"FORD","FIESTA",6995,14055
"FORD","FIESTA",6894,23848
"FORD","FIESTA",6299,39856
"FORD","FIESTA",8999,15308
"FORD","FIESTA",8000,18505
"FORD","FIESTA",7495,23319
"FORD","FIESTA",6499,23841
"FORD","FIESTA",7500,26186
"FORD","FIESTA",7975,11476
"FORD","FIESTA",7326,10412
"FORD","FIESTA",6974,3400
"FORD","FIESTA",6795,12514
"FORD","FIESTA",7500,7452
"FORD","FIESTA",6795,24624
"FORD","FIESTA",7700,19662
"FORD","FIESTA",8000,5421
"FORD","FIESTA",9200,4029
"FORD","FIESTA",6290,14954
"FORD","FIESTA",7500,23046
"FORD","FIESTA",7995,4000
"FORD","FIESTA",7300,3762
"FORD","FIESTA",8790,3814
"FORD","FIESTA",8340,3225
"FORD","FIESTA",8599,9954
"FORD","FIESTA",6495,50332
"FORD","FIESTA",7588,21612
"FORD","FIESTA",8669,2917
"FORD","FIESTA",6791,5617
"FORD","FIESTA",6990,18272
"FORD","FIESTA",6895,23254
"FORD","FIESTA",6000,37513
"FORD","FIESTA",7500,13657
"FORD","FIESTA",7695,12126
"FORD","FIESTA",9499,11110
"FORD","FIESTA",6895,19815
"FORD","FIESTA",6698,12248
"FORD","FIESTA",6980,12964
"FORD","FIESTA",7389,750
"FORD","FIESTA",6969,17317
"FORD","FIESTA",7290,30355
"FORD","FIESTA",7290,29093
"FORD","FIESTA",9250,5
"FORD","FIESTA",7995,7812
"FORD","FIESTA",5900,33825
"FORD","FIESTA",6995,13780
"FORD","FIESTA",6500,26000
"FORD","FIESTA",7600,11580
"FORD","FIESTA",7495,8800
"FORD","FIESTA",8028,10496
"FORD","FIESTA",8610,1128
"FORD","FIESTA",7498,6088
"FORD","FIESTA",6388,32077
"FORD","FIESTA",8495,13122
"FORD","FIESTA",8200,4355
"FORD","FIESTA",7495,17022
"FORD","FIESTA",7495,17618
"FORD","FIESTA",7698,17828
"FORD","FIESTA",7500,5981
"FORD","FIESTA",6295,29000
"FORD","FIESTA",7491,8285
"FORD","FIESTA",8599,6247
"FORD","FIESTA",7970,7955
"FORD","FIESTA",9000,2994
"FORD","FIESTA",5980,34655
"FORD","FIESTA",7190,17000
"FORD","FIESTA",7980,12000
"FORD","FIESTA",7995,5781
"FORD","FIESTA",8000,8054
"FORD","FIESTA",7000,13823
"FORD","FIESTA",9000,18154
"FORD","FIESTA",9000,3896
"FORD","FIESTA",8500,8359
"FORD","FIESTA",7800,14031
"FORD","FIESTA",7995,13143
"FORD","FIESTA",8000,10303
"FORD","FIESTA",7198,10722
"FORD","FIESTA",7491,7130
"FORD","FIESTA",8300,12566
"FORD","FIESTA",6500,19001
"FORD","FIESTA",8200,6851
"FORD","FIESTA",7200,28035
"FORD","FIESTA",7750,14512
"FORD","FIESTA",7290,7524
"FORD","FIESTA",6450,25788
"FORD","FIESTA",7285,17086
"FORD","FIESTA",6988,10862
"FORD","FIESTA",6490,16216
"FORD","FIESTA",8270,9140
"FORD","FIESTA",6995,13837
"FORD","FIESTA",7995,17214
"FORD","FIESTA",8251,28002
"FORD","FIESTA",7575,18546
"FORD","FIESTA",7250,29196
"FORD","FIESTA",8195,14989
"FORD","FIESTA",8000,6123
"FORD","FIESTA",7000,33181
"FORD","FIESTA",8296,3505
"FORD","FIESTA",6399,46553
"FORD","FIESTA",6750,42036
"FORD","FIESTA",7295,27000
"FORD","FIESTA",6900,9946
"FORD","FIESTA",7532,4091
"FORD","FIESTA",8247,8152
"FORD","FIESTA",7500,9065
"FORD","FIESTA",7295,22911
"FORD","FIESTA",7999,11199
"FORD","FIESTA",7445,21966
"FORD","FIESTA",7995,12134
"FORD","FIESTA",8400,21263
"FORD","FIESTA",7769,6150
"FORD","FIESTA",6000,62100
"FORD","FIESTA",7901,14275
"FORD","FIESTA",6995,21864
"FORD","FIESTA",6990,6000
"FORD","FIESTA",6950,16608
"FORD","FIESTA",6350,16837
"FORD","FIESTA",6728,17227
"FORD","FIESTA",7199,18326
"FORD","FIESTA",6690,11200
"FORD","FIESTA",7875,4037
"FORD","FIESTA",7058,12611
"FORD","FIESTA",7500,9859
"FORD","FIESTA",6599,40816
"FORD","FIESTA",8599,5863
"FORD","FIESTA",7095,12629
"FORD","FIESTA",8995,5865
"FORD","FIESTA",7991,17779
"FORD","FIESTA",9200,2660
"FORD","FIESTA",6990,14731
"FORD","FIESTA",7995,15243
"FORD","FIESTA",8995,8487
"FORD","FIESTA",8700,6163
"FORD","FIESTA",8495,6000
"FORD","FIESTA",9000,4833
"FORD","FIESTA",6800,25722
"FORD","FIESTA",8900,4208
"FORD","FIESTA",9000,7296
"FORD","FIESTA",6998,32889
"FORD","FIESTA",6995,9856
"FORD","FIESTA",8200,11250
"FORD","FIESTA",7795,8826
"FORD","FIESTA",7200,12836
"FORD","FIESTA",7000,13925
"FORD","FIESTA",6495,42518
"FORD","FIESTA",6945,30245
"FORD","FIESTA",6495,52800
"FORD","FIESTA",6995,15845
"FORD","FIESTA",7495,8200
"FORD","FIESTA",7481,14863
"FORD","FIESTA",7591,12226
"FORD","FIESTA",7000,15339
"FORD","FIESTA",7900,3461
"FORD","FIESTA",5999,25000
"FORD","FIESTA",8200,11856
"FORD","FIESTA",6500,30269
"FORD","FIESTA",7000,19000
"FORD","FIESTA",7797,12213
"FORD","FIESTA",7970,14316
"FORD","FIESTA",10000,8000
"FORD","FIESTA",7495,24000
"FORD","FIESTA",8000,3995
"FORD","FIESTA",6882,20934
"FORD","FIESTA",9000,6741
"FORD","FIESTA",6898,26397
"FORD","FIESTA",8475,9606
"FORD","FIESTA",8000,10341
"FORD","FIESTA",8795,1948
"FORD","FIESTA",6799,29214
"FORD","FIESTA",10295,10
"FORD","FIESTA",7500,7716
"FORD","FIESTA",7600,17957
"FORD","FIESTA",6995,15593
"FORD","FIESTA",7995,3000
"FORD","FIESTA",6500,17000
"FORD","FIESTA",8290,14314
"FORD","FIESTA",6689,33953
"FORD","FIESTA",7299,13082
"FORD","FIESTA",8760,5002
"FORD","FIESTA",7500,13373
"FORD","FIESTA",7485,17037
"FORD","FIESTA",5995,40517
"FORD","FIESTA",6795,28750
"FORD","FIESTA",8500,8318
"FORD","FIESTA",8250,2400
"FORD","FIESTA",7799,10366
"FORD","FIESTA",8495,6524
"FORD","FIESTA",6750,22166
"FORD","FIESTA",7800,16217
"FORD","FIESTA",9229,3722
"FORD","FIESTA",7000,20123
"FORD","FIESTA",7295,13934
"FORD","FIESTA",6680,12177
"FORD","FIESTA",5895,36844
"FORD","FIESTA",6960,12864
"FORD","FIESTA",9500,2324
"FORD","FIESTA",8500,5998
"FORD","FIESTA",6900,30992
"FORD","FIESTA",6990,35700
"FORD","FIESTA",6781,16334
"FORD","FIESTA",7900,8000
"FORD","FIESTA",6690,11283
"FORD","FIESTA",7190,22482
"FORD","FIESTA",7850,12700
"FORD","FIESTA",8500,5471
"FORD","FIESTA",8622,9832
"FORD","FIESTA",6941,19749
"FORD","FIESTA",7500,38488
"FORD","FIESTA",9695,2463
"FORD","FIESTA",8495,10845
"FORD","FIESTA",8481,4997
"FORD","FIESTA",7790,16928
"FORD","FIESTA",9000,4702
"FORD","FIESTA",5895,34000
"FORD","FIESTA",8860,3140
"FORD","FIESTA",7300,23522
"FORD","FIESTA",7924,6460
"FORD","FIESTA",7250,12892
"FORD","FIESTA",8500,7809
"FORD","FIESTA",7295,32712
"FORD","FIESTA",7999,8687
"FORD","FIESTA",9470,8000
"FORD","FIESTA",6995,18000
"FORD","FIESTA",7528,7547
"FORD","FIESTA",9300,12029
"FORD","FIESTA",6500,37410
"FORD","FIESTA",6000,30898
"FORD","FIESTA",7300,23591
"FORD","FIESTA",7995,11152
"FORD","FIESTA",7500,9115
"FORD","FIESTA",7000,13262
"FORD","FIESTA",7999,10014
"FORD","FIESTA",8399,560
"FORD","FIESTA",6500,44200
"FORD","FIESTA",8400,9142
"FORD","FIESTA",7619,28509
"FORD","FIESTA",7690,10693
"FORD","FIESTA",7870,2801
"FORD","FIESTA",7700,13794
"FORD","FIESTA",6522,21264
"FORD","FIESTA",8700,6579
"FORD","FIESTA",6995,14748
"FORD","FIESTA",8000,18406
"FORD","FIESTA",6398,29698
"FORD","FIESTA",6299,35358
"FORD","FIESTA",7064,28701
"FORD","FIESTA",7991,3725
"FORD","FIESTA",7308,11726
"FORD","FIESTA",7950,16206
"FORD","FIESTA",7000,13367
"FORD","FIESTA",7291,3777
"FORD","FIESTA",6795,37163
"FORD","FIESTA",7591,13682
"FORD","FIESTA",6500,24569
"FORD","FIESTA",6000,40000
"FORD","FIESTA",5877,31052
"FORD","FIESTA",7700,10591
"FORD","FIESTA",5500,33000
"FORD","FIESTA",8350,14207
"FORD","FIESTA",6499,36104
"FORD","FIESTA",6500,22350
"FORD","FIESTA",7391,12225
"FORD","FIESTA",7499,26527
"FORD","FIESTA",7995,13615
"FORD","FIESTA",7500,11392
"FORD","FIESTA",5701,29161
"FORD","FIESTA",8970,6614
"FORD","FIESTA",8000,2806
"FORD","FIESTA",6599,17788
"FORD","FIESTA",8329,13500
"FORD","FIESTA",8695,7850
"FORD","FIESTA",7795,13117
"FORD","FIESTA",7800,15487
"FORD","FIESTA",9000,9113
"FORD","FIESTA",6690,35000
"FORD","FIESTA",8799,10380
"FORD","FIESTA",7350,20000
"FORD","FIESTA",6495,32666
"FORD","FIESTA",9470,2118
"FORD","FIESTA",10200,5
"FORD","FIESTA",7950,6532
"FORD","FIESTA",8200,5519
"FORD","FIESTA",6751,20474
"FORD","FIESTA",7250,21987
"FORD","FIESTA",7398,17598
"FORD","FIESTA",6195,15000
"FORD","FIESTA",10995,10
"FORD","FIESTA",8995,16645
"FORD","FIESTA",7700,5930
"FORD","FIESTA",6499,28624
"FORD","FIESTA",8692,7462
"FORD","FIESTA",8000,11861
"FORD","FIESTA",6199,28200
"FORD","FIESTA",6688,7998
"FORD","FIESTA",6388,18762
"FORD","FIESTA",6495,24860
"FORD","FIESTA",7799,10152
"FORD","FIESTA",8000,18028
"FORD","FIESTA",7799,9678
"FORD","FIESTA",7995,14200
"FORD","FIESTA",7495,15334
"FORD","FIESTA",6495,16832
"FORD","FIESTA",8300,5214
"FORD","FIESTA",5999,31184
"FORD","FIESTA",8499,5567
"FORD","FIESTA",6995,25672
"FORD","FIESTA",8599,8810
"FORD","FIESTA",8590,7181
"FORD","FIESTA",6000,29586
"FORD","FIESTA",9295,7513
"FORD","FIESTA",8000,10000
"FORD","FIESTA",6495,16715
"FORD","FIESTA",8500,10802
"FORD","FIESTA",6897,14409
"FORD","FIESTA",7999,20131
"FORD","FIESTA",7000,25549
"FORD","FIESTA",8500,11608
"FORD","FIESTA",7495,13314
"FORD","FIESTA",7200,17007
"FORD","FIESTA",8000,15314
"FORD","FIESTA",10990,10
"FORD","FIESTA",7199,10201
"FORD","FIESTA",7000,18062
"FORD","FIESTA",6242,28695
"FORD","FIESTA",7495,21864
"FORD","FIESTA",8500,9626
"FORD","FIESTA",5500,69332
"FORD","FIESTA",8500,7321
"FORD","FIESTA",10495,6013
"FORD","FIESTA",7590,25341
"FORD","FIESTA",6195,38575
"FORD","FIESTA",7000,15731
"FORD","FIESTA",7400,8030
"FORD","FIESTA",6900,26038
"FORD","FIESTA",7950,7532
"FORD","FIESTA",6650,11577
"FORD","FIESTA",7197,12948
"FORD","FIESTA",6534,17939
"FORD","FIESTA",6344,20000
"FORD","FIESTA",7495,25410
"FORD","FIESTA",8599,7202
"FORD","FIESTA",6995,9212
"FORD","FIESTA",8790,4059
"FORD","FIESTA",7495,23547
"FORD","FIESTA",7998,5010
"FORD","FIESTA",6995,18933
"FORD","FIESTA",8995,3599
"FORD","FIESTA",6590,20500
"FORD","FIESTA",7571,12604
"FORD","FIESTA",7497,9838
"FORD","FIESTA",6370,30260
"FORD","FIESTA",7995,23000
"FORD","FIESTA",8995,5695
"FORD","FIESTA",6990,12750
"FORD","FIESTA",8995,8439
"FORD","FIESTA",6388,22454
"FORD","FIESTA",5995,23001
"FORD","FIESTA",6238,18812
"FORD","FIESTA",7750,12106
"FORD","FIESTA",8997,9300
"FORD","FIESTA",6997,4129
"FORD","FIESTA",7000,25111
"FORD","FIESTA",11295,8
"FORD","FIESTA",7000,17500
"FORD","FIESTA",7168,11322
"FORD","FIESTA",8000,12911
"FORD","FIESTA",6228,15564
"FORD","FIESTA",8597,8130
"FORD","FIESTA",8491,9582
"FORD","FIESTA",8000,10708
"FORD","FIESTA",8171,3818
"FORD","FIESTA",7027,21406
"FORD","FIESTA",8000,5735
"FORD","FIESTA",8690,2500
"FORD","FIESTA",8599,9623
"FORD","FIESTA",7795,1733
"FORD","FIESTA",8499,10753
"FORD","FIESTA",9995,4421
"FORD","FIESTA",7990,8177
"FORD","FIESTA",7000,6157
"FORD","FIESTA",8599,8277
"FORD","FIESTA",7270,18001
"FORD","FIESTA",6975,18909
"FORD","FIESTA",6799,13255
"FORD","FIESTA",5995,23401
"FORD","FIESTA",8499,7433
"FORD","FIESTA",7180,7942
"FORD","FIESTA",8195,2091
"FORD","FIESTA",7795,14637
"FORD","FIESTA",5708,50924
"FORD","FIESTA",6200,13524
"FORD","FIESTA",7495,12652
"FORD","FIESTA",8400,10913
"FORD","FIESTA",7400,11104
"FORD","FIESTA",9599,4700
"FORD","FIESTA",6995,15800
"FORD","FIESTA",7990,16718
"FORD","FIESTA",9750,2141
"FORD","FIESTA",7000,24501
"FORD","FIESTA",10572,1000
"FORD","FIESTA",8995,8369
"FORD","FIESTA",8000,5271
"FORD","FIESTA",8995,10284
"FORD","FIESTA",8995,3281
"FORD","FIESTA",5997,14252
"FORD","FIESTA",9453,3231
"FORD","FIESTA",7780,1589
"FORD","FIESTA",7491,15062
"FORD","FIESTA",7995,15472
"FORD","FIESTA",6850,24000
"FORD","FIESTA",8500,7808
"FORD","FIESTA",8599,9029
"FORD","FIESTA",7295,16461
"FORD","FIESTA",9985,10
"FORD","FIESTA",7500,12444
"FORD","FIESTA",5596,28294
"FORD","FIESTA",6895,10361
"FORD","FIESTA",8699,975
"FORD","FIESTA",6700,23030
"FORD","FIESTA",8970,7319
"FORD","FIESTA",6500,13260
"FORD","FIESTA",6699,18268
"FORD","FIESTA",7595,9640
"FORD","FIESTA",6745,23212
"FORD","FIESTA",8187,4000
"FORD","FIESTA",7000,11603
"FORD","FIESTA",6000,30241
"FORD","FIESTA",6500,10271
"FORD","FIESTA",6950,21400
"FORD","FIESTA",8197,9000
"FORD","FIESTA",7290,12513
"FORD","FIESTA",7790,3094
"FORD","FIESTA",8000,20529
"FORD","FIESTA",7250,29730
"FORD","FIESTA",8000,11349
"FORD","FIESTA",8500,9796
"FORD","FIESTA",7620,7224
"FORD","FIESTA",6450,20000
"FORD","FIESTA",8300,6574
"FORD","FIESTA",8300,8505
"FORD","FIESTA",8250,3539
"FORD","FIESTA",7000,20918
"FORD","FIESTA",8075,8139
"FORD","FIESTA",7470,21015
"FORD","FIESTA",10980,10
"FORD","FIESTA",7663,14198
"FORD","FIESTA",6491,24889
"FORD","FIESTA",8695,5483
"FORD","FIESTA",8199,13705
"FORD","FIESTA",7790,15781
"FORD","FIESTA",6650,13641
"FORD","FIESTA",6097,33512
"FORD","FIESTA",8400,5023
"FORD","FIESTA",8697,4422
"FORD","FIESTA",5800,40860
"FORD","FIESTA",7000,19104
"FORD","FIESTA",5995,20989
"FORD","FIESTA",7495,10436
"FORD","FIESTA",8050,1937
"FORD","FIESTA",6599,30800
"FORD","FIESTA",7299,7757
"FORD","FIESTA",7495,24820
"FORD","FIESTA",8188,6442
"FORD","FIESTA",6500,31625
"FORD","FIESTA",10026,151
"FORD","FIESTA",7500,6802
"FORD","FIESTA",7200,10008
"FORD","FIESTA",7000,18992
"FORD","FIESTA",9785,10
"FORD","FIESTA",7500,18125
"FORD","FIESTA",7700,7803
"FORD","FIESTA",7492,11199
"FORD","FIESTA",8800,4515
"FORD","FIESTA",8395,7955
"FORD","FIESTA",8000,9841
"FORD","FIESTA",6698,10728
"FORD","FIESTA",10999,5107
"FORD","FIESTA",7600,20826
"FORD","FIESTA",6995,17000
"FORD","FIESTA",6000,25611
"FORD","FIESTA",6571,3914
"FORD","FIESTA",7495,14156
"FORD","FIESTA",6628,31134
"FORD","FIESTA",6548,22291
"FORD","FIESTA",10239,10
"FORD","FIESTA",7000,17729
"FORD","FIESTA",7691,7245
"FORD","FIESTA",6495,24000
"FORD","FIESTA",8000,7741
"FORD","FIESTA",7500,26230
"FORD","FIESTA",6882,23970
"FORD","FIESTA",6150,31356
"FORD","FIESTA",9000,6035
"FORD","FIESTA",5750,15000
"FORD","FIESTA",6250,17000
"FORD","FIESTA",6448,20973
"FORD","FIESTA",7890,17000
"FORD","FIESTA",10489,1
"FORD","FIESTA",8400,3200
"FORD","FIESTA",8699,15072
"FORD","FIESTA",8500,11334
"FORD","FIESTA",7690,18621
"FORD","FIESTA",7995,20370
"FORD","FIESTA",7750,17404
"FORD","FIESTA",7199,23593
"FORD","FIESTA",7170,6332
"FORD","FIESTA",7000,40801
"FORD","FIESTA",7000,20294
"FORD","FIESTA",7900,6068
"FORD","FIESTA",8499,7242
"FORD","FIESTA",9295,17
"FORD","FIESTA",7498,16834
"FORD","FIESTA",8670,12786
"FORD","FIESTA",6731,18746
"FORD","FIESTA",7900,17814
"FORD","FIESTA",7500,8758
"FORD","FIESTA",8295,13002
"FORD","FIESTA",8000,12363
"FORD","FIESTA",6958,3517
"FORD","FIESTA",7595,11832
"FORD","FIESTA",6995,23084
"FORD","FIESTA",7200,7500
"FORD","FIESTA",7090,16326
"FORD","FIESTA",8000,13096
"FORD","FIESTA",6995,5699
"FORD","FIESTA",8295,12193
"FORD","FIESTA",6537,26640
"FORD","FIESTA",7079,16349
"FORD","FIESTA",8000,23296
"FORD","FIESTA",5290,79000
"FORD","FIESTA",6338,20618
"FORD","FIESTA",6650,31503
"FORD","FIESTA",8399,10
"FORD","FIESTA",8000,15474
"FORD","FIESTA",8995,8922
"FORD","FIESTA",6960,23403
"FORD","FIESTA",6478,36000
"FORD","FIESTA",8199,9566
"FORD","FIESTA",6999,14761
"FORD","FIESTA",7275,4241
"FORD","FIESTA",9199,8400
"FORD","FIESTA",7699,14965
"FORD","FIESTA",6995,18959
"FORD","FIESTA",10000,3379
"FORD","FIESTA",9785,10
"FORD","FIESTA",9495,3198
"FORD","FIESTA",7508,8635
"FORD","FIESTA",8130,3215
"FORD","FIESTA",8800,10376
"FORD","FIESTA",7990,8331
"FORD","FIESTA",7895,15000
"FORD","FIESTA",6995,5230
"FORD","FIESTA",8500,5317
"FORD","FIESTA",8995,3070
"FORD","FIESTA",7000,19272
"FORD","FIESTA",6899,15957
"FORD","FIESTA",8490,9000
"FORD","FIESTA",6448,16805
"FORD","FIESTA",7781,9615
"FORD","FIESTA",7791,5526
"FORD","FIESTA",6995,29061
"FORD","FIESTA",6990,17735
"FORD","FIESTA",7500,18747
"FORD","FIESTA",8495,2677
"FORD","FIESTA",7500,25275
"FORD","FIESTA",7000,22034
"FORD","FIESTA",7495,24248
"FORD","FIESTA",6800,7226
"FORD","FIESTA",9495,2447
"FORD","FIESTA",7000,14000
"FORD","FIESTA",7288,13120
"FORD","FIESTA",8695,9290
"FORD","FIESTA",7999,7511
"FORD","FIESTA",7300,8296
"FORD","FIESTA",6991,9605
"FORD","FIESTA",6595,36355
"FORD","FIESTA",8047,9100
"FORD","FIESTA",7999,7298
"FORD","FIESTA",6500,35000
"FORD","FIESTA",8860,3119
"FORD","FIESTA",6995,26000
"FORD","FIESTA",7998,12952
"FORD","FIESTA",7489,9727
"FORD","FIESTA",8695,8517
"FORD","FIESTA",6997,11948
"FORD","FIESTA",8290,6500
"FORD","FIESTA",8500,15980
"FORD","FIESTA",6398,18319
"FORD","FIESTA",9500,7700
"FORD","FIESTA",7395,26411
"FORD","FIESTA",6995,20259
"FORD","FIESTA",7850,4572
"FORD","FIESTA",7750,8125
"FORD","FIESTA",9499,10
"FORD","FIESTA",6799,17149
"FORD","FIESTA",7700,10640
"FORD","FIESTA",7995,14471
"FORD","FIESTA",6991,22255
"FORD","FIESTA",7295,4263
"FORD","FIESTA",8495,13081
"FORD","FIESTA",6799,22689
"FORD","FIESTA",8700,7668
"FORD","FIESTA",8247,6811
"FORD","FIESTA",5299,70167
"FORD","FIESTA",6995,44543
"FORD","FIESTA",8600,11231
"FORD","FIESTA",6799,11234
"FORD","FIESTA",7995,8800
"FORD","FIESTA",6495,38610
"FORD","FIESTA",6491,19970
"FORD","FIESTA",7495,19214
"FORD","FIESTA",8995,11589
"FORD","FIESTA",8499,7391
"FORD","FIESTA",6981,22902
"FORD","FIESTA",6700,16562
"FORD","FIESTA",7225,22667
"FORD","FIESTA",6500,25413
"FORD","FIESTA",8250,4252
"FORD","FIESTA",7480,17446
"FORD","FIESTA",8700,6279
"FORD","FIESTA",6828,37451
"FORD","FIESTA",7499,10046
"FORD","FIESTA",7000,20265
"FORD","FIESTA",8150,3729
"FORD","FIESTA",7985,13406
"FORD","FIESTA",9000,7644
"FORD","FIESTA",7850,3396
"FORD","FIESTA",6495,10000
"FORD","FIESTA",8290,11000
"FORD","FIESTA",6491,19110
"FORD","FIESTA",6644,25000
"FORD","FIESTA",7895,22387
"FORD","FIESTA",7997,11295
"FORD","FIESTA",7750,8039
"FORD","FIESTA",8495,7440
"FORD","FIESTA",7589,1194
"FORD","FIESTA",8000,18099
"FORD","FIESTA",8000,1892
"FORD","FIESTA",8750,6000
"FORD","FIESTA",7290,17914
"FORD","FIESTA",8495,5558
"FORD","FIESTA",6995,21332
"FORD","FIESTA",5995,33000
"FORD","FIESTA",11000,1623
"FORD","FIESTA",6732,22842
"FORD","FIESTA",7995,10621
"FORD","FIESTA",8000,10732
"FORD","FIESTA",7299,10626
"FORD","FIESTA",10675,16
"FORD","FIESTA",6138,40406
"FORD","FIESTA",10981,285
"FORD","FIESTA",8500,8110
"FORD","FIESTA",7600,16614
"FORD","FIESTA",8495,7815
"FORD","FIESTA",6848,19222
"FORD","FIESTA",5995,7000
"FORD","FIESTA",6999,24316
"FORD","FIESTA",7081,17632
"FORD","FIESTA",6500,21792
"FORD","FIESTA",6699,24772
"FORD","FIESTA",5950,15000
"FORD","FIESTA",8400,4665
"FORD","FIESTA",6800,33858
"FORD","FIESTA",8000,20000
"FORD","FIESTA",6495,42507
"FORD","FIESTA",6268,19740
"FORD","FIESTA",7237,8800
"FORD","FIESTA",8500,14131
"FORD","FIESTA",7790,15570
"FORD","FIESTA",7600,14000
"FORD","FIESTA",6042,35808
"FORD","FIESTA",5990,23468
"FORD","FIESTA",8570,11660
"FORD","FIESTA",8000,5404
"FORD","FIESTA",7000,21448
"FORD","FIESTA",8500,6596
"FORD","FIESTA",7299,32000
"FORD","FIESTA",6500,38000
"FORD","FIESTA",6300,19164
"FORD","FIESTA",5990,23994
"FORD","FIESTA",7745,5298
"FORD","FIESTA",5990,34560
"FORD","FIESTA",7995,18906
"FORD","FIESTA",6990,30600
"FORD","FIESTA",7995,26380
"FORD","FIESTA",6500,23093
"FORD","FIESTA",6991,21137
"FORD","FIESTA",6400,30334
"FORD","FIESTA",7395,16016
"FORD","FIESTA",8999,19253
"FORD","FIESTA",6991,22701
"FORD","FIESTA",7990,12679
"FORD","FIESTA",7200,23479
"FORD","FIESTA",6995,14133
"FORD","FIESTA",6441,12055
"FORD","FIESTA",6195,20443
"FORD","FIESTA",6990,12201
"FORD","FIESTA",6146,44531
"FORD","FIESTA",9675,10911
"FORD","FIESTA",6998,18870
"FORD","FIESTA",5990,33427
"FORD","FIESTA",8700,7263
"FORD","FIESTA",7790,12000
"FORD","FIESTA",8491,6875
"FORD","FIESTA",6997,5750
"FORD","FIESTA",5700,36482
"FORD","FIESTA",8295,5476
"FORD","FIESTA",7650,3412
"FORD","FIESTA",7058,23743
"FORD","FIESTA",7000,34000
"FORD","FIESTA",7999,5132
"FORD","FIESTA",7690,20036
"FORD","FIESTA",7000,16411
"FORD","FIESTA",9295,3881
"FORD","FIESTA",7741,11408
"FORD","FIESTA",6000,21112
"FORD","FIESTA",7390,14149
"FORD","FIESTA",6995,18000
"FORD","FIESTA",6499,36498
"FORD","FIESTA",8200,2378
"FORD","FIESTA",7638,4100
"FORD","FIESTA",6000,39000
"FORD","FIESTA",7162,13116
"FORD","FIESTA",5500,40575
"FORD","FIESTA",7700,19410
"FORD","FIESTA",7499,33091
"FORD","FIESTA",7995,12000
"FORD","FIESTA",8299,17193
"FORD","FIESTA",6991,7065
"FORD","FIESTA",9290,9260
"FORD","FIESTA",6495,28436
"FORD","FIESTA",8599,6151
"FORD","FIESTA",8763,11804
"FORD","FIESTA",6945,19274
"FORD","FIESTA",9350,5100
"FORD","FIESTA",6995,16142
"FORD","FIESTA",7192,13434
"FORD","FIESTA",7000,47533
"FORD","FIESTA",7000,21000
"FORD","FIESTA",10026,151
"FORD","FIESTA",9295,2
"FORD","FIESTA",7991,11246
"FORD","FIESTA",8599,7535
"FORD","FIESTA",8999,9514
"FORD","FIESTA",7950,10455
"FORD","FIESTA",6595,22888
"FORD","FIESTA",7200,17007
"FORD","FIESTA",5595,54000
"FORD","FIESTA",6948,17269
"FORD","FIESTA",7695,13747
"FORD","FIESTA",7500,15310
"FORD","FIESTA",8147,4602
"FORD","FIESTA",10000,10
"FORD","FIESTA",7495,20250
"FORD","FIESTA",7990,15000
"FORD","FIESTA",8300,13961
"FORD","FIESTA",7489,14833
"FORD","FIESTA",9785,10
"FORD","FIESTA",6727,11716
"FORD","FIESTA",7000,28210
"FORD","FIESTA",8450,9338
"FORD","FIESTA",7500,9000
"FORD","FIESTA",9500,1439
"FORD","FIESTA",7924,4607
"FORD","FIESTA",7990,18746
"FORD","FIESTA",8000,4899
"FORD","FIESTA",6991,28500
"FORD","FIESTA",7800,21414
"FORD","FIESTA",7000,14000
"FORD","FIESTA",7490,3298
"FORD","FIESTA",7500,17654
"FORD","FIESTA",6795,18968
"FORD","FIESTA",7995,6621
"FORD","FIESTA",8295,13493
"FORD","FIESTA",8300,10318
"FORD","FIESTA",6995,25721
"FORD","FIESTA",7599,16878
"FORD","FIESTA",6808,23690
"FORD","FIESTA",6691,17290
"FORD","FIESTA",8000,8242
"FORD","FIESTA",11995,50
"FORD","FIESTA",6990,8438
"FORD","FIESTA",6950,14757
"FORD","FIESTA",6690,22868
"FORD","FIESTA",6995,26500
"FORD","FIESTA",8670,11152
"FORD","FIESTA",7287,23086
"FORD","FIESTA",6999,8729
"FORD","FIESTA",7999,12294
"FORD","FIESTA",8995,4237
"FORD","FIESTA",6300,37258
"FORD","FIESTA",7495,11193
"FORD","FIESTA",7990,16393
"FORD","FIESTA",7795,17643
"FORD","FIESTA",9499,13154
"FORD","FIESTA",7195,33677
"FORD","FIESTA",6995,3380
"FORD","FIESTA",10995,4868
"FORD","FIESTA",7695,35100
"FORD","FIESTA",6492,22859
"FORD","FIESTA",8300,9856
"FORD","FIESTA",7187,11297
"FORD","FIESTA",7397,9211
"FORD","FIESTA",6495,8500
"FORD","FIESTA",7000,46344
"FORD","FIESTA",7747,11521
"FORD","FIESTA",8460,6960
"FORD","FIESTA",6999,20204
"FORD","FIESTA",7095,16458
"FORD","FIESTA",6595,40288
"FORD","FIESTA",8190,9500
"FORD","FIESTA",7495,23700
"FORD","FIESTA",8695,4785
"FORD","FIESTA",6300,23609
"FORD","FIESTA",6791,6394
"FORD","FIESTA",8700,9858
"FORD","FIESTA",12000,2216
"FORD","FIESTA",7290,7895
"FORD","FIESTA",7525,10913
"FORD","FIESTA",8500,9358
"FORD","FIESTA",7990,8250
"FORD","FIESTA",7300,30617
"FORD","FIESTA",7604,2460
"FORD","FIESTA",7699,21300
"FORD","FIESTA",6850,15164
"FORD","FIESTA",7999,16942
"FORD","FIESTA",7350,19005
"FORD","FIESTA",7289,12300
"FORD","FIESTA",6750,22600
"FORD","FIESTA",6499,21114
"FORD","FIESTA",8990,13932
"FORD","FIESTA",6995,28528
"FORD","FIESTA",10500,1
"FORD","FIESTA",6999,22000
"FORD","FIESTA",6481,14300
"FORD","FIESTA",7995,7644
"FORD","FIESTA",7500,8774
"FORD","FIESTA",6390,32984
"FORD","FIESTA",8450,5538
"FORD","FIESTA",8449,5820
"FORD","FIESTA",7889,3000
"FORD","FIESTA",8500,3662
"FORD","FIESTA",7990,14430
"FORD","FIESTA",7069,30685
"FORD","FIESTA",7295,22048
"FORD","FIESTA",9400,12000
"FORD","FIESTA",6994,23895
"FORD","FIESTA",8495,8016
"FORD","FIESTA",6500,25466
"FORD","FIESTA",7290,35730
"FORD","FIESTA",8250,9632
"FORD","FIESTA",8659,2452
"FORD","FIESTA",6999,18858
"FORD","FIESTA",7999,8822
"FORD","FIESTA",6500,17244
"FORD","FIESTA",7288,13932
"FORD","FIESTA",8000,8368
"FORD","FIESTA",5750,36349
"FORD","FIESTA",8990,5458
"FORD","FIESTA",7900,10499
"FORD","FIESTA",7995,8990
"FORD","FIESTA",6998,33092
"FORD","FIESTA",8697,14114
"FORD","FIESTA",8000,8673
"FORD","FIESTA",7999,9402
"FORD","FIESTA",7990,3529
"FORD","FIESTA",8900,1600
"FORD","FIESTA",8200,4200
"FORD","FIESTA",6989,7249
"FORD","FIESTA",6548,24907
"FORD","FIESTA",8300,8795
"FORD","FIESTA",8600,11500
"FORD","FIESTA",8480,3537
"FORD","FIESTA",8200,2120
"FORD","FIESTA",6578,17674
"FORD","FIESTA",6999,14850
"FORD","FIESTA",6991,8031
"FORD","FIESTA",6588,17498
"FORD","FIESTA",8062,3184
"FORD","FIESTA",6490,17237
"FORD","FIESTA",9000,11452
"FORD","FIESTA",7300,26094
"FORD","FIESTA",6900,25624
"FORD","FIESTA",6995,25000
"FORD","FIESTA",10400,10
"FORD","FIESTA",8999,6990
"FORD","FIESTA",6997,7612
"FORD","FIESTA",6995,26867
"FORD","FIESTA",6000,28000
"FORD","FIESTA",7491,27201
"FORD","FIESTA",7295,9000
"FORD","FIESTA",8995,1069
"FORD","FIESTA",7241,22201
"FORD","FIESTA",7495,14000
"FORD","FIESTA",6599,29781
"FORD","FIESTA",7995,15134
"FORD","FIESTA",7800,15439
"FORD","FIESTA",5888,30000
"FORD","FIESTA",7342,15424
"FORD","FIESTA",7495,13000
"FORD","FIESTA",6190,27600
"FORD","FIESTA",7999,20642
"FORD","FIESTA",11000,3401
"FORD","FIESTA",6752,11163
"FORD","FIESTA",5999,21000
"FORD","FIESTA",7999,7756
"FORD","FIESTA",6850,8575
"FORD","FIESTA",7100,12454
"FORD","FIESTA",8161,12697
"FORD","FIESTA",8500,12374
"FORD","FIESTA",6895,18172
"FORD","FIESTA",8600,9837
"FORD","FIESTA",6780,9895
"FORD","FIESTA",7000,24726
"FORD","FIESTA",6618,23845
"FORD","FIESTA",7450,10000
"FORD","FIESTA",8000,7302
"FORD","FIESTA",6291,22610
"FORD","FIESTA",8495,10644
"FORD","FIESTA",6811,31596
"FORD","FIESTA",6153,23811
"FORD","FIESTA",7589,16326
"FORD","FIESTA",8971,5171
"FORD","FIESTA",7700,19788
"FORD","FIESTA",7787,5250
"FORD","FIESTA",7260,6479
"FORD","FIESTA",6700,32268
"FORD","FIESTA",6238,18655
"FORD","FIESTA",8499,12828
"FORD","FIESTA",8575,9386
"FORD","FIESTA",7995,15923
"FORD","FIESTA",7295,17514
"FORD","FIESTA",7895,9398
"FORD","FIESTA",8195,9950
"FORD","FIESTA",6390,16757
"FORD","FIESTA",7672,7242
"FORD","FIESTA",8750,4832
"FORD","FIESTA",6795,36000
"FORD","FIESTA",7381,12736
"FORD","FIESTA",8495,7919
"FORD","FIESTA",7800,18184
"FORD","FIESTA",6999,16377
"FORD","FIESTA",5678,40322
"FORD","FIESTA",6991,9402
"FORD","FIESTA",6000,50650
"FORD","FIESTA",8300,17517
"FORD","FIESTA",6299,61078
"FORD","FIESTA",7795,8375
"FORD","FIESTA",8982,7144
"FORD","FIESTA",6995,23420
"FORD","FIESTA",5990,24705
"FORD","FIESTA",6990,16291
"FORD","FIESTA",9000,10916
"FORD","FIESTA",7900,6000
"FORD","FIESTA",7700,14000
"FORD","FIESTA",10000,11000
"FORD","FIESTA",6995,12755
"FORD","FIESTA",8995,5204
"FORD","FIESTA",7995,24415
"FORD","FIESTA",8495,8658
"FORD","FIESTA",7800,9758
"FORD","FIESTA",6688,19965
"FORD","FIESTA",8999,10878
"FORD","FIESTA",7495,3541
"FORD","FIESTA",7000,17844
"FORD","FIESTA",10048,23
"FORD","FIESTA",7999,10000
"FORD","FIESTA",7966,19096
"FORD","FIESTA",7990,5536
"FORD","FIESTA",7995,25000
"FORD","FIESTA",6500,25950
"FORD","FIESTA",7994,13222
"FORD","FIESTA",6995,16756
"FORD","FIESTA",10990,6
"FORD","FIESTA",8500,14918
"FORD","FIESTA",6699,8660
"FORD","FIESTA",5758,24114
"FORD","FIESTA",8000,9299
"FORD","FIESTA",6382,15181
"FORD","FIESTA",7475,10000
"FORD","FIESTA",9080,3084
"FORD","FIESTA",7599,15237
"FORD","FIESTA",7995,18938
"FORD","FIESTA",6995,20148
"FORD","FIESTA",6490,25906
"FORD","FIESTA",7995,4135
"FORD","FIESTA",6950,19960
"FORD","FIESTA",5895,41267
"FORD","FIESTA",5991,31225
"FORD","FIESTA",8850,4461
"FORD","FIESTA",6000,47000
"FORD","FIESTA",8799,3836
"FORD","FIESTA",6748,16730
"FORD","FIESTA",8500,9189
"FORD","FIESTA",7133,10221
"FORD","FIESTA",8495,23522
"FORD","FIESTA",7750,6749
"FORD","FIESTA",9000,8811
"FORD","FIESTA",8295,16836
"FORD","FIESTA",7800,10104
"FORD","FIESTA",6998,10038
"FORD","FIESTA",6199,35370
"FORD","FIESTA",7236,7271
"FORD","FIESTA",7200,22818
"FORD","FIESTA",5945,18963
"FORD","FIESTA",6352,20243
"FORD","FIESTA",7995,6000
"FORD","FIESTA",8000,15310
"FORD","FIESTA",8000,13566
"FORD","FIESTA",7297,18000
"FORD","FIESTA",7150,4453
"FORD","FIESTA",7500,27107
"FORD","FIESTA",8500,20313
"FORD","FIESTA",8000,9748
"FORD","FIESTA",9445,3498
"FORD","FIESTA",8500,4698
"FORD","FIESTA",8500,7947
"FORD","FIESTA",10495,4
"FORD","FIESTA",6598,21741
"FORD","FIESTA",7123,13934
"FORD","FIESTA",7595,15593
"FORD","FIESTA",7295,12988
"FORD","FIESTA",7699,18024
"FORD","FIESTA",9495,5744
"FORD","FIESTA",8500,8143
"FORD","FIESTA",6958,27607
"FORD","FIESTA",8299,8046
"FORD","FIESTA",7960,7855
"FORD","FIESTA",7400,12236
"FORD","FIESTA",8000,16188
"FORD","FIESTA",7800,22379
"FORD","FIESTA",6697,7565
"FORD","FIESTA",8495,6694
"FORD","FIESTA",7300,18341
"FORD","FIESTA",6800,29619
"FORD","FIESTA",8500,16097
"FORD","FIESTA",7750,26172
"FORD","FIESTA",7495,23952
"FORD","FIESTA",6950,14506
"FORD","FIESTA",8000,26450
"FORD","FIESTA",8295,4594
"FORD","FIESTA",5990,36000
"FORD","FIESTA",6800,24112
"FORD","FIESTA",6995,27742
"FORD","FIESTA",7992,11154
"FORD","FIESTA",8500,8529
"FORD","FIESTA",7999,14548
"FORD","FIESTA",6700,20245
"FORD","FIESTA",9291,14127
"FORD","FIESTA",7991,11204
"FORD","FIESTA",7705,17647
"FORD","FIESTA",6000,16500
"FORD","FIESTA",7589,21795
"FORD","FIESTA",9199,8410
"FORD","FIESTA",7700,23161
"FORD","FIESTA",7995,13200
"FORD","FIESTA",7588,4643
"FORD","FIESTA",7250,15144
"FORD","FIESTA",8327,22115
"FORD","FIESTA",7299,11986
"FORD","FIESTA",5994,21588
"FORD","FIESTA",7790,10887
"FORD","FIESTA",6741,20148
"FORD","FIESTA",7000,26157
"FORD","FIESTA",6800,20000
"FORD","FIESTA",7495,9332
"FORD","FIESTA",5490,42143
"FORD","FIESTA",8495,17067
"FORD","FIESTA",9000,5732
"FORD","FIESTA",7795,3777
"FORD","FIESTA",7859,11950
"FORD","FIESTA",8995,4200
"FORD","FIESTA",7299,29786
"FORD","FIESTA",8740,4835
"FORD","FIESTA",7695,10435
"FORD","FIESTA",6761,5054
"FORD","FIESTA",6945,20051
"FORD","FIESTA",9999,1583
"FORD","FIESTA",8295,6600
"FORD","FIESTA",6299,38106
"FORD","FIESTA",8500,16463
"FORD","FIESTA",7980,10513
"FORD","FIESTA",6499,40026
"FORD","FIESTA",6495,15000
"FORD","FIESTA",8000,9190
"FORD","FIESTA",7499,7004
"FORD","FIESTA",6799,30500
"FORD","FIESTA",7599,11800
"FORD","FIESTA",7500,12221
"FORD","FIESTA",7795,20910
"FORD","FIESTA",7995,10087
"FORD","FIESTA",7150,37580
"FORD","FIESTA",9300,10406
"FORD","FIESTA",8995,9189
"FORD","FIESTA",8495,13616
"FORD","FIESTA",10000,34
"FORD","FIESTA",6391,25427
"FORD","FIESTA",7285,13000
"FORD","FIESTA",7895,21669
"FORD","FIESTA",6477,19499
"FORD","FIESTA",7800,18754
"FORD","FIESTA",8000,11092
"FORD","FIESTA",8495,17000
"FORD","FIESTA",6995,15000
"FORD","FIESTA",6487,29122
"FORD","FIESTA",8498,8472
"FORD","FIESTA",7995,4130
"FORD","FIESTA",7981,39
"FORD","FIESTA",7675,6422
"FORD","FIESTA",8295,20100
"FORD","FIESTA",7388,7993
"FORD","FIESTA",6195,34311
"FORD","FIESTA",6495,41700
"FORD","FIESTA",9500,6000
"FORD","FIESTA",8495,3030
"FORD","FIESTA",7700,9783
"FORD","FIESTA",9700,15
"FORD","FIESTA",7195,10311
"FORD","FIESTA",9089,14180
"FORD","FIESTA",6795,15315
"FORD","FIESTA",7395,25877
"FORD","FIESTA",8795,10368
"FORD","FIESTA",9000,7877
"FORD","FIESTA",6699,12134
"FORD","FIESTA",6938,26905
"FORD","FIESTA",6288,16020
"FORD","FIESTA",7699,5250
"FORD","FIESTA",6750,12378
"FORD","FIESTA",9785,10
"FORD","FIESTA",7495,27481
"FORD","FIESTA",6995,39955
"FORD","FIESTA",6998,28489
"FORD","FIESTA",8495,13600
"FORD","FIESTA",8799,7179
"FORD","FIESTA",7821,7963
"FORD","FIESTA",6331,23879
"FORD","FIESTA",8990,6077
"FORD","FIESTA",13393,4397
"FORD","FIESTA",5555,16800
"FORD","FIESTA",8270,16105
"FORD","FIESTA",8370,5508
"FORD","FIESTA",5788,52161
"FORD","FIESTA",8300,13896
"FORD","FIESTA",6799,31560
"FORD","FIESTA",7000,20489
"FORD","FIESTA",5919,37833
"FORD","FIESTA",7570,17972
"FORD","FIESTA",7990,1405
"FORD","FIESTA",8530,5780
"FORD","FIESTA",6995,10000
"FORD","FIESTA",6495,21677
"FORD","FIESTA",6995,17342
"FORD","FIESTA",7495,30183
"FORD","FIESTA",6400,23887
"FORD","FIESTA",7990,8977
"FORD","FIESTA",7499,36790
"FORD","FIESTA",5961,21922
"FORD","FIESTA",7979,17542
"FORD","FIESTA",5550,18660
"FORD","FIESTA",7518,14349
"FORD","FIESTA",8000,24283
"FORD","FIESTA",5991,26659
"FORD","FIESTA",6995,26201
"FORD","FIESTA",9200,967
"FORD","FIESTA",6471,10410
"FORD","FIESTA",8990,5300
"FORD","FIESTA",7990,8504
"FORD","FIESTA",7250,15059
"FORD","FIESTA",8200,10556
"FORD","FIESTA",8000,6806
"FORD","FIESTA",7395,3984
"FORD","FIESTA",7510,7657
"FORD","FIESTA",6950,20711
"FORD","FIESTA",7990,16800
"FORD","FIESTA",8000,11579
"FORD","FIESTA",6985,17748
"FORD","FIESTA",8300,8605
"FORD","FIESTA",6876,12944
"FORD","FIESTA",5650,39349
"FORD","FIESTA",7450,11960
"FORD","FIESTA",6500,22915
"FORD","FIESTA",7495,10620
"FORD","FIESTA",6000,39987
"FORD","FIESTA",6898,16797
"FORD","FIESTA",7982,5331
"FORD","FIESTA",7051,21567
"FORD","FIESTA",6442,11513
"FORD","FIESTA",7700,15149
"FORD","FIESTA",8700,5938
"FORD","FIESTA",8000,10670
"FORD","FIESTA",6500,19230
"FORD","FIESTA",8300,9861
"FORD","FIESTA",7695,10435
"FORD","FIESTA",7000,39909
"FORD","FIESTA",7398,12957
"FORD","FIESTA",6989,8835
"FORD","FIESTA",7000,11693
"FORD","FIESTA",6395,21276
"FORD","FIESTA",7250,16710
"FORD","FIESTA",6340,22531
"FORD","FIESTA",8890,2928
"FORD","FIESTA",6800,25534
"FORD","FIESTA",8250,17994
"FORD","FIESTA",5995,9774
"FORD","FIESTA",6795,29526
"FORD","FIESTA",8999,7220
"FORD","FIESTA",7800,5978
"FORD","FIESTA",8800,10129
"FORD","FIESTA",8398,10699
"FORD","FIESTA",8000,17446
"FORD","FIESTA",9225,8350
"FORD","FIESTA",7600,11631
"FORD","FIESTA",8650,4234
"FORD","FIESTA",8400,3382
"FORD","FIESTA",8999,9738
"FORD","FIESTA",6195,49000
"FORD","FIESTA",5994,22847
"FORD","FIESTA",7000,16384
"FORD","FIESTA",7788,3797
"FORD","FIESTA",6500,20000
"FORD","FIESTA",7000,15321
"FORD","FIESTA",7495,9038
"FORD","FIESTA",7999,14590
"FORD","FIESTA",7599,23792
"FORD","FIESTA",6070,27883
"FORD","FIESTA",9330,4232
"FORD","FIESTA",7499,7785
"FORD","FIESTA",7300,13980
"FORD","FIESTA",7695,24041
"FORD","FIESTA",7999,8973
"FORD","FIESTA",8175,13048
"FORD","FIESTA",6998,36728
"FORD","FIESTA",5995,25397
"FORD","FIESTA",8400,9275
"FORD","FIESTA",8990,4569
"FORD","FIESTA",7000,8230
"FORD","FIESTA",6598,13000
"FORD","FIESTA",7699,20212
"FORD","FIESTA",7479,12810
"FORD","FIESTA",6995,20769
"FORD","FIESTA",8295,3652
"FORD","FIESTA",7395,13957
"FORD","FIESTA",7495,22209
"FORD","FIESTA",7472,8263
"FORD","FIESTA",8300,6413
"FORD","FIESTA",7740,9500
"FORD","FIESTA",7000,7352
"FORD","FIESTA",6990,25079
"FORD","FIESTA",7900,12811
"FORD","FIESTA",6495,34220
"FORD","FIESTA",8799,10327
"FORD","FIESTA",7580,10234
"FORD","FIESTA",6500,21390
"FORD","FIESTA",6500,34180
"FORD","FIESTA",6699,38310
"FORD","FIESTA",8844,5800
"FORD","FIESTA",8495,10000
"FORD","FIESTA",7995,12000
"FORD","FIESTA",6900,10000
"FORD","FIESTA",8000,15331
"FORD","FIESTA",8299,12153
"FORD","FIESTA",7500,22756
"FORD","FIESTA",6990,13076
"FORD","FIESTA",6485,36624
"FORD","FIESTA",6499,27736
"FORD","FIESTA",6491,22009
"FORD","FIESTA",7500,10618
"FORD","FIESTA",6249,17773
"FORD","FIESTA",6990,18000
"FORD","FIESTA",7595,5400
"FORD","FIESTA",7999,23709
"FORD","FIESTA",7300,21210
"FORD","FIESTA",6538,8277
"FORD","FIESTA",8295,9050
"FORD","FIESTA",7000,9542
"FORD","FIESTA",6998,33788
"FORD","FIESTA",7330,13999
"FORD","FIESTA",7850,6689
"FORD","FIESTA",8995,26365
"FORD","FIESTA",6495,21462
"FORD","FIESTA",7490,11401
"FORD","FIESTA",7348,7330
"FORD","FIESTA",9895,10
"FORD","FIESTA",8000,19352
"FORD","FIESTA",10000,560
"FORD","FIESTA",8247,7237
"FORD","FIESTA",8495,1524
"FORD","FIESTA",7995,14200
"FORD","FIESTA",6500,17280
"FORD","FIESTA",8500,7577
"FORD","FIESTA",6995,15584
"FORD","FIESTA",7450,8698
"FORD","FIESTA",8500,11214
"FORD","FIESTA",6695,19800
"FORD","FIESTA",8000,15349
"FORD","FIESTA",7495,8145
"FORD","FIESTA",7000,24748
"FORD","FIESTA",11000,6942
"FORD","FIESTA",8999,9893
"FORD","FIESTA",8500,6402
"FORD","FIESTA",9000,14563
"FORD","FIESTA",6500,41650
"FORD","FIESTA",7481,6600
"FORD","FIESTA",6495,21279
"FORD","FIESTA",8295,13752
"FORD","FIESTA",7270,21774
"FORD","FIESTA",9500,7439
"FORD","FIESTA",6972,12113
"FORD","FIESTA",6500,31083
"FORD","FIESTA",9500,1202
"FORD","FIESTA",8599,8924
"FORD","FIESTA",8495,11953
"FORD","FIESTA",6999,18000
"FORD","FIESTA",5500,60284
"FORD","FIESTA",9102,5000
"FORD","FIESTA",8200,9915
"FORD","FIESTA",8500,13523
"FORD","FIESTA",8992,10895
"FORD","FIESTA",6450,16303
"FORD","FIESTA",7000,28103
"FORD","FIESTA",6300,33624
"FORD","FIESTA",7990,20863
"FORD","FIESTA",6991,13357
"FORD","FIESTA",8650,6205
"FORD","FIESTA",9750,22
"FORD","FIESTA",6450,19566
"FORD","FIESTA",9595,6605
"FORD","FIESTA",7998,6115
"FORD","FIESTA",6750,9087
"FORD","FIESTA",6500,21450
"FORD","FIESTA",8399,17760
"FORD","FIESTA",7642,11837
"FORD","FIESTA",7298,29852
"FORD","FIESTA",6995,16244
"FORD","FIESTA",7500,16426
"FORD","FIESTA",8880,3111
"FORD","FIESTA",6990,27141
"FORD","FIESTA",7499,22110
"FORD","FIESTA",7999,12003
"FORD","FIESTA",8000,15109
"FORD","FIESTA",7000,38500
"FORD","FIESTA",7350,17424
"FORD","FIESTA",8995,1515
"FORD","FIESTA",6999,23226
"FORD","FIESTA",8490,5922
"FORD","FIESTA",9999,1250
"FORD","FIESTA",6000,29586
"FORD","FIESTA",8795,11074
"FORD","FIESTA",9995,4731
"FORD","FIESTA",8750,8693
"FORD","FIESTA",9295,8349
"FORD","FIESTA",7292,7400
"FORD","FIESTA",8500,6700
"FORD","FIESTA",8000,8106
"FORD","FIESTA",6588,11014
"FORD","FIESTA",7000,18242
"FORD","FIESTA",7499,15911
"FORD","FIESTA",8800,7225
"FORD","FIESTA",7192,15248
"FORD","FIESTA",8191,6285
"FORD","FIESTA",8000,10055
"FORD","FIESTA",10495,50
"FORD","FIESTA",8191,11433
"FORD","FIESTA",8991,8417
"FORD","FIESTA",6987,15855
"FORD","FIESTA",7500,14094
"FORD","FIESTA",6891,6986
"FORD","FIESTA",6300,14195
"FORD","FIESTA",7949,2916
"FORD","FIESTA",5987,13306
"FORD","FIESTA",7790,25531
"FORD","FIESTA",8800,10580
"FORD","FIESTA",7550,12217
"FORD","FIESTA",6793,12000
"FORD","FIESTA",7995,19464
"FORD","FIESTA",7000,17908
"FORD","FIESTA",6475,41000
"FORD","FIESTA",5491,46142
"FORD","FIESTA",8999,8648
"FORD","FIESTA",7791,4402
"FORD","FIESTA",6995,15000
"FORD","FIESTA",7995,3566
"FORD","FIESTA",8299,18100
"FORD","FIESTA",7800,8747
"FORD","FIESTA",7995,19846
"FORD","FIESTA",7750,19813
"FORD","FIESTA",7700,18242
"FORD","FIESTA",8300,11500
"FORD","FIESTA",8000,5698
"FORD","FIESTA",6799,19740
"FORD","FIESTA",10000,587
"FORD","FIESTA",6950,9708
"FORD","FIESTA",8495,5054
"FORD","FIESTA",6795,25723
"FORD","FIESTA",6795,29000
"FORD","FIESTA",7880,16073
"FORD","FIESTA",7270,12884
"FORD","FIESTA",6875,31457
"FORD","FIESTA",7195,19037
"FORD","FIESTA",6000,39000
"FORD","FIESTA",6999,32461
"FORD","FIESTA",6448,36596
"FORD","FIESTA",7785,10300
"FORD","FIESTA",7960,8704
"FORD","FIESTA",8260,2728
"FORD","FIESTA",6500,14795
"FORD","FIESTA",8100,7958
"FORD","FIESTA",7999,12054
"FORD","FIESTA",7999,10550
"FORD","FIESTA",7700,16683
"FORD","FIESTA",6997,6801
"FORD","FIESTA",7000,15033
"FORD","FIESTA",7850,8323
"FORD","FIESTA",9989,2889
"FORD","FIESTA",6398,22976
"FORD","FIESTA",7695,12526
"FORD","FIESTA",8000,11843
"FORD","FIESTA",8998,9112
"FORD","FIESTA",6990,13300
"FORD","FIESTA",10495,850
"FORD","FIESTA",7400,10800
"FORD","FIESTA",6995,24041
"FORD","FIESTA",7697,17424
"FORD","FIESTA",7999,9938
"FORD","FIESTA",6490,44400
"FORD","FIESTA",7000,19259
"FORD","FIESTA",7995,3956
"FORD","FIESTA",8740,2654
"FORD","FIESTA",6650,11354
"FORD","FIESTA",8599,7642
"FORD","FIESTA",6899,20051
"FORD","FIESTA",7995,10349
"FORD","FIESTA",6499,21000
"FORD","FIESTA",6825,33245
"FORD","FIESTA",8500,8378
"FORD","FIESTA",9000,10171
"FORD","FIESTA",8295,7900
"FORD","FIESTA",6993,28085
"FORD","FIESTA",6395,33080
"FORD","FIESTA",7048,16643
"FORD","FIESTA",6948,11025
"FORD","FIESTA",7494,16305
"FORD","FIESTA",6595,31500
"FORD","FIESTA",8970,3500
"FORD","FIESTA",7491,9713
"FORD","FIESTA",7990,16869
"FORD","FIESTA",8000,5464
"FORD","FIESTA",5995,29000
"FORD","FIESTA",6995,21941
"FORD","FIESTA",6991,18721
"FORD","FIESTA",5750,25208
"FORD","FIESTA",4500,46000
"FORD","FIESTA",6999,15000
"FORD","FIESTA",6990,20000
"FORD","FIESTA",6995,17000
"FORD","FIESTA",6491,11695
"FORD","FIESTA",7999,10523
"FORD","FIESTA",7504,8400
"FORD","FIESTA",7990,24603
"FORD","FIESTA",7000,26482
"FORD","FIESTA",7700,13084
"FORD","FIESTA",10000,34
"FORD","FIESTA",6695,25741
"FORD","FIESTA",9000,2000
"FORD","FIESTA",7000,39516
"FORD","FIESTA",8500,11104
"FORD","FIESTA",6388,16873
"FORD","FIESTA",6995,17695
"FORD","FIESTA",7888,3052
"FORD","FIESTA",8000,17687
"FORD","FIESTA",5995,53889
"FORD","FIESTA",8720,8651
"FORD","FIESTA",9680,3149
"FORD","FIESTA",11495,10
"FORD","FIESTA",8170,19257
"FORD","FIESTA",8300,10609
"FORD","FIESTA",5790,45625
"FORD","FIESTA",6250,26788
"FORD","FIESTA",8056,8000
"FORD","FIESTA",6875,23132
"FORD","FIESTA",6648,26146
"FORD","FIESTA",6968,10776
"FORD","FIESTA",7019,29700
"FORD","FIESTA",8500,8784
"FORD","FIESTA",7881,7070
"FORD","FIESTA",7700,7123
"FORD","FIESTA",8500,8842
"FORD","FIESTA",7708,12560
"FORD","FIESTA",6500,34494
"FORD","FIESTA",8250,6700
"FORD","FIESTA",8397,21101
"FORD","FIESTA",6368,12218
"FORD","FIESTA",6950,18135
"FORD","FIESTA",5879,30080
"FORD","FIESTA",6208,39846
"FORD","FIESTA",6993,16873
"FORD","FIESTA",7689,12529
"FORD","FIESTA",10500,10
"FORD","FIESTA",8150,10059
"FORD","FIESTA",8230,2166
"FORD","FIESTA",7250,16387
"FORD","FIESTA",6990,36658
"FORD","FIESTA",8487,6671
"FORD","FIESTA",6995,24088
"FORD","FIESTA",7995,6277
"FORD","FIESTA",8299,7295
"FORD","FIESTA",6990,23921
"FORD","FIESTA",9495,4231
"FORD","FIESTA",7295,5797
"FORD","FIESTA",7995,3157
"FORD","FIESTA",7950,4608
"FORD","FIESTA",8300,11500
"FORD","FIESTA",6995,8568
"FORD","FIESTA",7000,27595
"FORD","FIESTA",6995,29000
"FORD","FIESTA",7500,11263
"FORD","FIESTA",6991,10500
"FORD","FIESTA",7000,28830
"FORD","FIESTA",6620,20872
"FORD","FIESTA",6500,28359
"FORD","FIESTA",7190,19610
"FORD","FIESTA",7000,20374
"FORD","FIESTA",8000,17719
"FORD","FIESTA",7395,17209
"FORD","FIESTA",6499,18765
"FORD","FIESTA",7190,34069
"FORD","FIESTA",8599,7545
"FORD","FIESTA",5708,9506
"FORD","FIESTA",7700,16903
"FORD","FIESTA",6489,23031
"FORD","FIESTA",6876,35189
"FORD","FIESTA",8000,18992
"FORD","FIESTA",9000,11000
"FORD","FIESTA",6995,22345
"FORD","FIESTA",7399,24000
"FORD","FIESTA",8495,3839
"FORD","FIESTA",6795,33054
"FORD","FIESTA",6695,17403
"FORD","FIESTA",6995,7748
"FORD","FIESTA",8590,7195
"FORD","FIESTA",8700,6946
"FORD","FIESTA",7250,9915
"FORD","FIESTA",8890,3525
"FORD","FIESTA",8491,6855
"FORD","FIESTA",6995,30000
"FORD","FIESTA",7000,18598
"FORD","FIESTA",6891,6626
"FORD","FIESTA",7990,2421
"FORD","FIESTA",5500,25337
"FORD","FIESTA",6595,32442
"FORD","FIESTA",8240,11000
"FORD","FIESTA",6995,11722
"FORD","FIESTA",7695,24000
"FORD","FIESTA",6700,12796
"FORD","FIESTA",8370,15347
"FORD","FIESTA",6491,42424
"FORD","FIESTA",8645,3571
"FORD","FIESTA",7000,38605
"FORD","FIESTA",7508,10940
"FORD","FIESTA",8800,24272
"FORD","FIESTA",8000,10956
"FORD","FIESTA",7995,8838
"FORD","FIESTA",7900,4477
"FORD","FIESTA",6798,9777
"FORD","FIESTA",8995,10580
"FORD","FIESTA",7900,18929
"FORD","FIESTA",6715,7758
"FORD","FIESTA",9495,5068
"FORD","FIESTA",7999,17666
"FORD","FIESTA",6497,27822
"FORD","FIESTA",8995,20000
"FORD","FIESTA",6995,19123
"FORD","FIESTA",7300,13709
"FORD","FIESTA",9000,7902
"FORD","FIESTA",7995,2264
"FORD","FIESTA",7700,3138
"FORD","FIESTA",6495,18711
"FORD","FIESTA",6250,25000
"FORD","FIESTA",6990,21966
"FORD","FIESTA",7395,15277
"FORD","FIESTA",8995,6779
"FORD","FIESTA",8698,10063
"FORD","FIESTA",6899,24283
"FORD","FIESTA",6770,26737
"FORD","FIESTA",7750,11503
"FORD","FIESTA",9500,7256
"FORD","FIESTA",7000,28626
"FORD","FIESTA",8500,4301
"FORD","FIESTA",9000,5000
"FORD","FIESTA",6990,15229
"FORD","FIESTA",7900,19675
"FORD","FIESTA",6250,18466
"FORD","FIESTA",7000,8942
"FORD","FIESTA",9940,151
"FORD","FIESTA",8300,8021
"FORD","FIESTA",8495,6009
"FORD","FIESTA",7300,22841
"FORD","FIESTA",6995,28810
"FORD","FIESTA",8500,8927
"FORD","FIESTA",7970,15569
"FORD","FIESTA",9000,1000
"FORD","FIESTA",7310,30453
"FORD","FIESTA",6992,26895
"FORD","FIESTA",7447,6898
"FORD","FIESTA",10300,3146
"FORD","FIESTA",8000,16493
"FORD","FIESTA",8500,2523
"FORD","FIESTA",6000,44000
"FORD","FIESTA",9000,1430
"FORD","FIESTA",6773,21882
"FORD","FIESTA",7599,10535
"FORD","FIESTA",7500,23000
"FORD","FIESTA",10440,2851
"FORD","FIESTA",12495,50
"FORD","FIESTA",7685,17251
"FORD","FIESTA",7058,11210
"FORD","FIESTA",6481,29000
"FORD","FIESTA",6599,36367
"FORD","FIESTA",5921,34858
"FORD","FIESTA",8495,10892
"FORD","FIESTA",8756,1861
"FORD","FIESTA",6690,12000
"FORD","FIESTA",6591,25059
"FORD","FIESTA",7699,18024
"FORD","FIESTA",6995,37601
"FORD","FIESTA",7700,21859
"FORD","FIESTA",7495,23130
"FORD","FIESTA",9494,2135
"FORD","FIESTA",6041,35234
"FORD","FIESTA",8300,8245
"FORD","FIESTA",6650,16430
"FORD","FIESTA",6591,7057
"FORD","FIESTA",7300,19297
"FORD","FIESTA",7799,22474
"FORD","FIESTA",7598,6656
"FORD","FIESTA",8860,1820
"FORD","FIESTA",7991,17845
"FORD","FIESTA",8889,4681
"FORD","FIESTA",6600,19546
"FORD","FIESTA",7000,28653
"FORD","FIESTA",8290,8231
"FORD","FIESTA",7999,4705
"FORD","FIESTA",6400,30545
"FORD","FIESTA",6950,8516
"FORD","FIESTA",6995,25307
"FORD","FIESTA",7400,16711
"FORD","FIESTA",8499,6825
"FORD","FIESTA",6449,23812
"FORD","FIESTA",9170,2775
"FORD","FIESTA",7700,7583
"FORD","FIESTA",6995,23609
"FORD","FIESTA",7250,12113
"FORD","FIESTA",7981,9602
"FORD","FIESTA",7400,18453
"FORD","FIESTA",6508,24494
"FORD","FIESTA",6492,19704
"FORD","FIESTA",8000,14133
"FORD","FIESTA",6790,28001
"FORD","FIESTA",6495,21000
"FORD","FIESTA",7360,12051
"FORD","FIESTA",8799,10786
"FORD","FIESTA",6495,25019
"FORD","FIESTA",7499,26930
"FORD","FIESTA",7580,14637
"FORD","FIESTA",8500,8823
"FORD","FIESTA",7800,2570
"FORD","FIESTA",6500,18000
"FORD","FIESTA",10995,5
"FORD","FIESTA",7600,12748
"FORD","FIESTA",7107,23273
"FORD","FIESTA",9480,5526
"FORD","FIESTA",8395,10424
"FORD","FIESTA",8500,15000
"FORD","FIESTA",7599,20916
"FORD","FIESTA",7699,4728
"FORD","FIESTA",7899,12730
"FORD","FIESTA",6538,5850
"FORD","FIESTA",6898,14904
"FORD","FIESTA",7500,28090
"FORD","FIESTA",6500,13935
"FORD","FIESTA",7995,2196
"FORD","FIESTA",7800,16578
"FORD","FIESTA",6490,24377
"FORD","FIESTA",8300,8710
"FORD","FIESTA",7495,22330
"FORD","FIESTA",7484,17321
"FORD","FIESTA",8000,4266
"FORD","FIESTA",7499,7363
"FORD","FIESTA",9000,8664
"FORD","FIESTA",6990,20300
"FORD","FIESTA",6499,18031
"FORD","FIESTA",7400,21184
"FORD","FIESTA",6991,8573
"FORD","FIESTA",7700,15689
"FORD","FIESTA",6240,24000
"FORD","FIESTA",7453,22364
"FORD","FIESTA",6391,39952
"FORD","FIESTA",8500,8029
"FORD","FIESTA",6000,36140
"FORD","FIESTA",10490,1
"FORD","FIESTA",7000,7276
"FORD","FIESTA",6490,35000
"FORD","FIESTA",8299,4359
"FORD","FIESTA",7999,8874
"FORD","FIESTA",8600,8518
"FORD","FIESTA",7998,18736
"FORD","FIESTA",7290,14303
"FORD","FIESTA",8797,3164
"FORD","FIESTA",7000,18310
"FORD","FIESTA",12000,10
"FORD","FIESTA",6725,35404
"FORD","FIESTA",6439,35189
"FORD","FIESTA",8195,9403
"FORD","FIESTA",7985,16815
"FORD","FIESTA",6799,12756
"FORD","FIESTA",6879,5913
"FORD","FIESTA",7695,7511
"FORD","FIESTA",9480,11
"FORD","FIESTA",6508,17037
"FORD","FIESTA",6700,22763
"FORD","FIESTA",6995,28626
"FORD","FIESTA",9500,1254
"FORD","FIESTA",7795,2895
"FORD","FIESTA",6600,23354
"FORD","FIESTA",7599,12452
"FORD","FIESTA",7000,34504
"FORD","FIESTA",7490,9453
"FORD","FIESTA",9000,11294
"FORD","FIESTA",7815,8295
"FORD","FIESTA",8161,5118
"FORD","FIESTA",6350,15185
"FORD","FIESTA",8500,8377
"FORD","FIESTA",8599,8933
"FORD","FIESTA",8999,3543
"FORD","FIESTA",6997,15414
"FORD","FIESTA",7495,6517
"FORD","FIESTA",8970,3541
"FORD","FIESTA",7995,12500
"FORD","FIESTA",7639,8403
"FORD","FIESTA",6200,33400
"FORD","FIESTA",8000,5005
"FORD","FIESTA",7800,17711
"FORD","FIESTA",7995,14400
"FORD","FIESTA",8500,9661
"FORD","FIESTA",6500,23000
"FORD","FIESTA",7495,22065
"FORD","FIESTA",9000,7407
"FORD","FIESTA",7995,5776
"FORD","FIESTA",8995,3729
"FORD","FIESTA",6570,12006
"FORD","FIESTA",7700,18403
"FORD","FIESTA",8200,8133
"FORD","FIESTA",8400,9857
"FORD","FIESTA",9295,11348
"FORD","FIESTA",7499,10112
"FORD","FIESTA",8093,4500
"FORD","FIESTA",8990,2000
"FORD","FIESTA",5995,17161
"FORD","FIESTA",7000,27963
"FORD","FIESTA",6494,25815
"FORD","FIESTA",8000,23000
"FORD","FIESTA",7999,12172
"FORD","FIESTA",10943,43
"FORD","FIESTA",7995,4898
"FORD","FIESTA",6500,29000
"FORD","FIESTA",7495,13209
"FORD","FIESTA",6799,15109
"FORD","FIESTA",6691,6553
"FORD","FIESTA",7670,6311
"FORD","FIESTA",6791,23069
"FORD","FIESTA",7875,4232
"FORD","FIESTA",6995,24208
"FORD","FIESTA",7218,19351
"FORD","FIESTA",11295,10
"FORD","FIESTA",6895,29000
"FORD","FIESTA",5670,40254
"FORD","FIESTA",7494,8116
"FORD","FIESTA",6989,15434
"FORD","FIESTA",7795,6135
"FORD","FIESTA",8995,7945
"FORD","FIESTA",7800,7400
"FORD","FIESTA",6795,12512
"FORD","FIESTA",7999,16740
"FORD","FIESTA",7450,17146
"FORD","FIESTA",6998,17096
"FORD","FIESTA",5950,28490
"FORD","FIESTA",8990,9217
"FORD","FIESTA",6995,24352
"FORD","FIESTA",7995,3956
"FORD","FIESTA",8628,10815
"FORD","FIESTA",7500,4715
"FORD","FIESTA",8999,8427
"FORD","FIESTA",7990,4759
"FORD","FIESTA",8495,9242
"FORD","FIESTA",7790,15000
"FORD","FIESTA",8588,7738
"FORD","FIESTA",6750,34000
"FORD","FIESTA",9000,8061
"FORD","FIESTA",7799,15278
"FORD","FIESTA",9938,10
"FORD","FIESTA",7850,15563
"FORD","FIESTA",8300,7200
"FORD","FIESTA",7567,19351
"FORD","FIESTA",8000,12261
"FORD","FIESTA",6795,34700
"FORD","FIESTA",6918,19019
"FORD","FIESTA",8650,6872
"FORD","FIESTA",7995,11022
"FORD","FIESTA",8999,6549
"FORD","FIESTA",7650,10923
"FORD","FIESTA",7999,11048
"FORD","FIESTA",8995,8326
"FORD","FIESTA",7500,24790
"FORD","FIESTA",7491,5911
"FORD","FIESTA",6392,24487
"FORD","FIESTA",7400,8475
"FORD","FIESTA",8000,10138
"FORD","FIESTA",7995,21690
"FORD","FIESTA",6690,15163
"FORD","FIESTA",8550,3567
"FORD","FIESTA",7000,7455
"FORD","FIESTA",6700,15262
"FORD","FIESTA",6995,16664
"FORD","FIESTA",7109,23735
"FORD","FIESTA",6500,29142
"FORD","FIESTA",8650,11000
"FORD","FIESTA",6700,21720
"FORD","FIESTA",6584,37569
"FORD","FIESTA",9000,3720
"FORD","FIESTA",8495,9341
"FORD","FIESTA",9290,5500
"FORD","FIESTA",8727,9418
"FORD","FIESTA",5398,58868
"FORD","FIESTA",7390,16753
"FORD","FIESTA",6790,9488
"FORD","FIESTA",7995,23085
"FORD","FIESTA",9299,3536
"FORD","FIESTA",7495,19650
"FORD","FIESTA",7200,16000
"FORD","FIESTA",6995,24267
"FORD","FIESTA",7600,13817
"FORD","FIESTA",7990,10047
"FORD","FIESTA",6945,39680
"FORD","FIESTA",10000,20
"FORD","FIESTA",9500,8691
"FORD","FIESTA",8970,3562
"FORD","FIESTA",7540,6277
"FORD","FIESTA",9445,26
"FORD","FIESTA",6700,11922
"FORD","FIESTA",8199,9326
"FORD","FIESTA",7350,10051
"FORD","FIESTA",7970,26283
"FORD","FIESTA",7000,18112
"FORD","FIESTA",7999,9593
"FORD","FIESTA",7480,8825
"FORD","FIESTA",9325,8452
"FORD","FIESTA",8000,8174
"FORD","FIESTA",6970,16748
"FORD","FIESTA",6799,27384
"FORD","FIESTA",6556,25506
"FORD","FIESTA",6995,15591
"FORD","FIESTA",7495,19929
"FORD","FIESTA",7295,6401
"FORD","FIESTA",6895,10428
"FORD","FIESTA",6700,24500
"FORD","FIESTA",8250,18434
"FORD","FIESTA",7700,19700
"FORD","FIESTA",8500,7857
"FORD","FIESTA",7500,18422
"FORD","FIESTA",10995,10
"FORD","FIESTA",7791,7245
"FORD","FIESTA",6595,14977
"FORD","FIESTA",10995,2303
"FORD","FIESTA",8500,4259
"FORD","FIESTA",10695,5
"FORD","FIESTA",7500,6100
"FORD","FIESTA",6470,34574
"FORD","FIESTA",7300,15423
"FORD","FIESTA",7250,19037
"FORD","FIESTA",7291,8218
"FORD","FIESTA",7799,12301
"FORD","FIESTA",6842,25170
"FORD","FIESTA",8999,11199
"FORD","FIESTA",6491,26365
"FORD","FIESTA",6498,39966
"FORD","FIESTA",7000,13471
"FORD","FIESTA",7494,6689
"FORD","FIESTA",7000,27000
"FORD","FIESTA",8000,11431
"FORD","FIESTA",8340,11875
"FORD","FIESTA",10995,10
"FORD","FIESTA",8770,12091
"FORD","FIESTA",8000,7134
"FORD","FIESTA",5295,25554
"FORD","FIESTA",7200,15528
"FORD","FIESTA",8500,9905
"FORD","FIESTA",7999,11511
"FORD","FIESTA",9497,2984
"FORD","FIESTA",6561,50329
"FORD","FIESTA",8500,9771
"FORD","FIESTA",6900,37213
"FORD","FIESTA",8500,3216
"FORD","FIESTA",8500,4721
"FORD","FIESTA",7790,6912
"FORD","FIESTA",7399,15000
"FORD","FIESTA",8000,19464
"FORD","FIESTA",7994,9000
"FORD","FIESTA",7300,16517
"FORD","FIESTA",6999,19748
"FORD","FIESTA",5748,32100
"FORD","FIESTA",7241,24000
"FORD","FIESTA",7490,18495
"FORD","FIESTA",7000,14656
"FORD","FIESTA",7295,13053
"FORD","FIESTA",8000,18933
"FORD","FIESTA",6995,17636
"FORD","FIESTA",9500,10196
"FORD","FIESTA",7750,9800
"FORD","FIESTA",6799,8938
"FORD","FIESTA",8490,9319
"FORD","FIESTA",7700,13846
"FORD","FIESTA",10985,10
"FORD","FIESTA",8800,4085
"FORD","FIESTA",8877,17
"FORD","FIESTA",7500,9105
"FORD","FIESTA",8500,9047
"FORD","FIESTA",7295,9202
"FORD","FIESTA",8760,5449
"FORD","FIESTA",7699,21698
"FORD","FIESTA",7712,5090
"FORD","FIESTA",8000,11199
"FORD","FIESTA",8500,5861
"FORD","FIESTA",5995,37000
"FORD","FIESTA",8500,5649
"FORD","FIESTA",7995,10760
"FORD","FIESTA",8995,7010
"FORD","FIESTA",7000,14100
"FORD","FIESTA",6995,23666
"FORD","FIESTA",6590,30522
"FORD","FIESTA",7490,12491
"FORD","FIESTA",7995,4762
"FORD","FIESTA",8860,4877
"FORD","FIESTA",7290,17801
"FORD","FIESTA",7260,7850
"FORD","FIESTA",8695,10284
"FORD","FIESTA",8000,12723
"FORD","FIESTA",7391,8813
"FORD","FIESTA",6781,38994
"FORD","FIESTA",8995,12076
"FORD","FIESTA",7400,5368
"FORD","FIESTA",4595,19096
"FORD","FIESTA",8500,3000
"FORD","FIESTA",6725,36743
"FORD","FIESTA",7299,13472
"FORD","FIESTA",8500,2226
"FORD","FIESTA",8000,10563
"FORD","FIESTA",7499,12480
"FORD","FIESTA",9499,8213
"FORD","FIESTA",8490,7103
"FORD","FIESTA",6850,11904
"FORD","FIESTA",8300,19177
"FORD","FIESTA",8000,9900
"FORD","FIESTA",8599,8748
"FORD","FIESTA",8600,19407
"FORD","FIESTA",7700,30157
"FORD","FIESTA",9050,6452
"FORD","FIESTA",6298,31000
"FORD","FIESTA",9874,151
"FORD","FIESTA",8570,1653
"FORD","FIESTA",7995,6673
"FORD","FIESTA",9000,7486
"FORD","FIESTA",7699,4365
"FORD","FIESTA",8000,19019
"FORD","FIESTA",8995,12000
"FORD","FIESTA",5700,41936
"FORD","FIESTA",7600,15000
"FORD","FIESTA",7500,16538
"FORD","FIESTA",5680,32091
"FORD","FIESTA",8290,15000
"FORD","FIESTA",9000,13150
"FORD","FIESTA",7000,18317
"FORD","FIESTA",8400,12176
"FORD","FIESTA",7500,4699
"FORD","FIESTA",7000,19114
"FORD","FIESTA",7499,14548
"FORD","FIESTA",7500,19010
"FORD","FIESTA",6490,14201
"FORD","FIESTA",6293,17763
"FORD","FIESTA",8000,10705
"FORD","FIESTA",6795,12091
"FORD","FIESTA",7000,32954
"FORD","FIESTA",6995,21595
"FORD","FIESTA",8500,8326
"FORD","FIESTA",7495,18300
"FORD","FIESTA",6888,4502
"FORD","FIESTA",8995,3816
"FORD","FIESTA",8800,8960
"FORD","FIESTA",6700,47891
"FORD","FIESTA",7690,14961
"FORD","FIESTA",6995,5343
"FORD","FIESTA",7990,6167
"FORD","FIESTA",7699,8190
"FORD","FIESTA",8291,10266
"FORD","FIESTA",9500,1841
"FORD","FIESTA",6800,21006
"FORD","FIESTA",9495,7880
"FORD","FIESTA",8000,11370
"FORD","FIESTA",7999,18020
"FORD","FIESTA",9490,2485
"FORD","FIESTA",7495,25407
"FORD","FIESTA",5997,43350
"FORD","FIESTA",8100,6945
"FORD","FIESTA",8995,9830
"FORD","FIESTA",6590,32510
"FORD","FIESTA",8197,7100
"FORD","FIESTA",7000,13350
"FORD","FIESTA",6200,27251
"FORD","FIESTA",7295,6378
"FORD","FIESTA",8370,4706
"FORD","FIESTA",7495,24620
"FORD","FIESTA",7431,5090
"FORD","FIESTA",7000,21993
"FORD","FIESTA",6989,39701
"FORD","FIESTA",7900,3248
"FORD","FIESTA",8000,4986
"FORD","FIESTA",6795,12768
"FORD","FIESTA",7999,15598
"FORD","FIESTA",7000,18990
"FORD","FIESTA",6495,15398
"FORD","FIESTA",7750,15756
"FORD","FIESTA",7000,27493
"FORD","FIESTA",7995,12572
"FORD","FIESTA",7000,23016
"FORD","FIESTA",5995,34000
"FORD","FIESTA",7000,9000
"FORD","FIESTA",8499,22814
"FORD","FIESTA",5787,40609
"FORD","FIESTA",6718,36158
"FORD","FIESTA",7000,28000
"FORD","FIESTA",6490,16641
"FORD","FIESTA",8995,12000
"FORD","FIESTA",6990,14282
"FORD","FIESTA",6451,21158
"FORD","FIESTA",8400,9004
"FORD","FIESTA",8000,22052
"FORD","FIESTA",7691,17000
"FORD","FIESTA",7495,15686
"FORD","FIESTA",6000,17821
"FORD","FIESTA",6495,48539
"FORD","FIESTA",7490,28652
"FORD","FIESTA",6995,32467
"FORD","FIESTA",7495,16046
"FORD","FIESTA",10195,5000
"FORD","FIESTA",5799,17969
"FORD","FIESTA",10995,10
"FORD","FIESTA",7250,15501
"FORD","FIESTA",8500,7715
"FORD","FIESTA",8000,9182
"FORD","FIESTA",7797,10797
"FORD","FIESTA",7491,9098
"FORD","FIESTA",8400,9893
"FORD","FIESTA",8870,3603
"FORD","FIESTA",8380,10968
"FORD","FIESTA",6995,30587
"FORD","FIESTA",6191,34574
"FORD","FIESTA",6300,26092
"FORD","FIESTA",7290,16000
"FORD","FIESTA",9275,8266
"FORD","FIESTA",10400,5
"FORD","FIESTA",7995,15000
"FORD","FIESTA",7195,12410
"FORD","FIESTA",7995,11390
"FORD","FIESTA",7750,23658
"FORD","FIESTA",7997,5500
"FORD","FIESTA",6499,19543
"FORD","FIESTA",8495,19339
"FORD","FIESTA",7000,13290
"FORD","FIESTA",8300,9396
"FORD","FIESTA",7437,8505
"FORD","FIESTA",6950,25000
"FORD","FIESTA",6978,7004
"FORD","FIESTA",8491,5890
"FORD","FIESTA",7980,18398
"FORD","FIESTA",8295,5829
"FORD","FIESTA",9295,3079
"FORD","FIESTA",6668,25047
"FORD","FIESTA",8000,4321
"FORD","FIESTA",8599,8926
"FORD","FIESTA",7495,20014
"FORD","FIESTA",7991,5083
"FORD","FIESTA",6667,16730
"FORD","FIESTA",8699,6348
"FORD","FIESTA",8990,2320
"FORD","FIESTA",8000,23687
"FORD","FIESTA",6589,18402
"FORD","FIESTA",7000,18861
"FORD","FIESTA",6496,13379
"FORD","FIESTA",7995,25000
"FORD","FIESTA",9850,5
"FORD","FIESTA",7400,15389
"FORD","FIESTA",7000,20901
"FORD","FIESTA",7191,4884
"FORD","FIESTA",7500,11647
"FORD","FIESTA",9500,3315
"FORD","FIESTA",8599,7228
"FORD","FIESTA",7695,12840
"FORD","FIESTA",7000,15535
"FORD","FIESTA",7395,35000
"FORD","FIESTA",7997,4021
"FORD","FIESTA",5995,58000
"FORD","FIESTA",6979,19595
"FORD","FIESTA",7650,17000
"FORD","FIESTA",7990,18696
"FORD","FIESTA",7190,13483
"FORD","FIESTA",6490,11500
"FORD","FIESTA",8500,6683
"FORD","FIESTA",8995,8301
"FORD","FIESTA",10500,2661
"FORD","FIESTA",7181,16388
"FORD","FIESTA",7500,11581
"FORD","FIESTA",6800,21000
"FORD","FIESTA",6890,8842
"FORD","FIESTA",7118,23616
"FORD","FIESTA",7600,22730
"FORD","FIESTA",5948,21523
"FORD","FIESTA",7600,12834
"FORD","FIESTA",6999,13690
"FORD","FIESTA",7690,8213
"FORD","FIESTA",6945,2629
"FORD","FIESTA",7955,7772
"FORD","FIESTA",7975,15000
"FORD","FIESTA",6795,29000
"FORD","FIESTA",7999,25000
"FORD","FIESTA",7200,17830
"FORD","FIESTA",6699,35194
"FORD","FIESTA",10995,10
"FORD","FIESTA",7500,13681
"FORD","FIESTA",9995,4100
"FORD","FIESTA",7375,19900
"FORD","FIESTA",9470,2607
"FORD","FIESTA",7490,12078
"FORD","FIESTA",9070,1500
"FORD","FIESTA",8299,15810
"FORD","FIESTA",9000,14970
"FORD","FIESTA",7990,16587
"FORD","FIESTA",7599,18030
"FORD","FIESTA",7250,11259
"FORD","FIESTA",7981,2239
"FORD","FIESTA",7495,18703
"FORD","FIESTA",7299,19999
"FORD","FIESTA",6000,28009
"FORD","FIESTA",7100,17722
"FORD","FIESTA",8293,8327
"FORD","FIESTA",9700,15
"FORD","FIESTA",8000,22976
"FORD","FIESTA",9490,6800
"FORD","FIESTA",7725,3421
"FORD","FIESTA",7999,11000
"FORD","FIESTA",7990,5900
"FORD","FIESTA",7101,29520
"FORD","FIESTA",7000,22223
"FORD","FIESTA",6599,19922
"FORD","FIESTA",8000,25337
"FORD","FIESTA",9295,6542
"FORD","FIESTA",8395,11806
"FORD","FIESTA",8800,6051
"FORD","FIESTA",7048,16005
"FORD","FIESTA",7995,19063
"FORD","FIESTA",7777,9126
"FORD","FIESTA",6996,16925
"FORD","FIESTA",8997,4653
"FORD","FIESTA",6200,31114
"FORD","FIESTA",7497,7284
"FORD","FIESTA",7200,18652
"FORD","FIESTA",7995,9531
"FORD","FIESTA",8197,17003
"FORD","FIESTA",7690,18254
"FORD","FIESTA",7342,28244
"FORD","FIESTA",8000,11749
"FORD","FIESTA",9999,2453
"FORD","FIESTA",5911,36809
"FORD","FIESTA",8250,4343
"FORD","FIESTA",7500,18821
"FORD","FIESTA",6782,27500
"FORD","FIESTA",7500,29177
"FORD","FIESTA",7789,15279
"FORD","FIESTA",7895,20900
"FORD","FIESTA",7870,11322
"FORD","FIESTA",6495,27000
"FORD","FIESTA",7679,4029
"FORD","FIESTA",8095,25235
"FORD","FIESTA",6799,17430
"FORD","FIESTA",7290,17808
"FORD","FIESTA",5950,40637
"FORD","FIESTA",6667,32326
"FORD","FIESTA",7800,6624
"FORD","FIESTA",8299,11193
"FORD","FIESTA",8595,13008
"FORD","FIESTA",6700,41350
"FORD","FIESTA",7995,17245
"FORD","FIESTA",6299,25986
"FORD","FIESTA",8000,4524
"FORD","FIESTA",8995,23800
"FORD","FIESTA",7991,17563
"FORD","FIESTA",9995,4689
"FORD","FIESTA",8750,8736
"FORD","FIESTA",6490,19583
"FORD","FIESTA",7391,14837
"FORD","FIESTA",7800,9191
"FORD","FIESTA",6490,16691
"FORD","FIESTA",9000,6300
"FORD","FIESTA",10495,12000
"FORD","FIESTA",7591,4406
"FORD","FIESTA",5950,31358
"FORD","FIESTA",7495,25376
"FORD","FIESTA",8600,14103
"FORD","FIESTA",6999,22259
"FORD","FIESTA",6495,14899
"FORD","FIESTA",6995,49246
"FORD","FIESTA",7000,27749
"FORD","FIESTA",8200,12177
"FORD","FIESTA",7150,26073
"FORD","FIESTA",7999,22170
"FORD","FIESTA",7395,13468
"FORD","FIESTA",7800,20572
"FORD","FIESTA",6799,13364
"FORD","FIESTA",10999,15
"FORD","FIESTA",5995,16794
"FORD","FIESTA",7799,11961
"FORD","FIESTA",7800,9159
"FORD","FIESTA",7499,18444
"FORD","FIESTA",8315,9926
"FORD","FIESTA",8000,3054
"FORD","FIESTA",7500,24174
"FORD","FIESTA",6970,9575
"FORD","FIESTA",7600,3265
"FORD","FIESTA",7049,36452
"FORD","FIESTA",6999,18844
"FORD","FIESTA",7993,16253
"FORD","FIESTA",8900,10029
"FORD","FIESTA",8970,8634
"FORD","FIESTA",9000,6500
"FORD","FIESTA",9000,20675
"FORD","FIESTA",8000,12405
"FORD","FIESTA",6980,10569
"FORD","FIESTA",7190,23122
"FORD","FIESTA",8750,3021
"FORD","FIESTA",7499,24731
"FORD","FIESTA",6790,16489
"FORD","FIESTA",6491,22020
"FORD","FIESTA",7889,14020
"FORD","FIESTA",7750,12940
"FORD","FIESTA",6500,6777
"FORD","FIESTA",7495,8200
"FORD","FIESTA",7299,10120
"FORD","FIESTA",7770,9003
"FORD","FIESTA",7000,25000
"FORD","FIESTA",8495,2958
"FORD","FIESTA",8700,6594
"FORD","FIESTA",7000,17542
"FORD","FIESTA",8400,9466
"FORD","FIESTA",7500,16538
"FORD","FIESTA",7599,20522
"FORD","FIESTA",7495,5321
"FORD","FIESTA",8990,6500
"FORD","FIESTA",7191,10193
"FORD","FIESTA",7000,16316
"FORD","FIESTA",6900,26359
"FORD","FIESTA",7995,15300
"FORD","FIESTA",6991,36562
"FORD","FIESTA",6799,29800
"FORD","FIESTA",11995,50
"FORD","FIESTA",6699,28907
"FORD","FIESTA",7995,13640
"FORD","FIESTA",5777,36693
"FORD","FIESTA",6299,11890
"FORD","FIESTA",6411,17598
"FORD","FIESTA",6500,30344
"FORD","FIESTA",9994,4493
"FORD","FIESTA",7245,6829
"FORD","FIESTA",7995,9520
"FORD","FIESTA",7991,8500
"FORD","FIESTA",10695,8
"FORD","FIESTA",7995,6772
"FORD","FIESTA",7785,20775
"FORD","FIESTA",6995,18171
"FORD","FIESTA",6988,18245
"FORD","FIESTA",7921,6963
"FORD","FIESTA",6922,21000
"FORD","FIESTA",7000,19525
"FORD","FIESTA",5999,35687
"FORD","FIESTA",7770,10026
"FORD","FIESTA",8000,2371
"FORD","FIESTA",5997,37000
"FORD","FIESTA",6699,16250
"FORD","FIESTA",9350,3439
"FORD","FIESTA",10000,2332
"FORD","FIESTA",7599,9498
"FORD","FIESTA",7999,15312
"FORD","FIESTA",6500,24222
"FORD","FIESTA",6500,13904
"FORD","FIESTA",8500,6211
"FORD","FIESTA",6800,18450
"FORD","FIESTA",8500,6096
"FORD","FIESTA",5995,49052
"FORD","FIESTA",7799,7973
"FORD","FIESTA",7495,23054
"FORD","FIESTA",7895,22000
"FORD","FIESTA",7999,14820
"FORD","FIESTA",9250,2213
"FORD","FIESTA",6595,18030
"FORD","FIESTA",6500,19161
"FORD","FIESTA",7150,35663
"FORD","FIESTA",6798,20616
"FORD","FIESTA",7995,19410
"FORD","FIESTA",8900,1000
"FORD","FIESTA",6900,31008
"FORD","FIESTA",7995,9107
"FORD","FIESTA",6599,33958
"FORD","FIESTA",8000,7600
"FORD","FIESTA",8000,7410
"FORD","FIESTA",8500,6159
"FORD","FIESTA",5995,28584
"FORD","FIESTA",7999,8864
"FORD","FIESTA",7650,14558
"FORD","FIESTA",6800,21839
"FORD","FIESTA",7495,14956
"FORD","FIESTA",6995,18064
"FORD","FIESTA",6997,15268
"FORD","FIESTA",7999,11760
"FORD","FIESTA",7800,18425
"FORD","FIESTA",5249,97595
"FORD","FIESTA",7995,11737
"FORD","FIESTA",6697,29181
"FORD","FIESTA",8995,17341
"FORD","FIESTA",8300,12054
"FORD","FIESTA",7000,24000
"FORD","FIESTA",7300,4207
"FORD","FIESTA",7000,17991
"FORD","FIESTA",8990,9972
"FORD","FIESTA",7408,16284
"FORD","FIESTA",6900,34182
"FORD","FIESTA",7995,9110
"FORD","FIESTA",6993,16300
"FORD","FIESTA",9000,9200
"FORD","FIESTA",8700,6946
"FORD","FIESTA",7999,23500
"FORD","FIESTA",8100,9925
"FORD","FIESTA",9795,2397
"FORD","FIESTA",7950,14504
"FORD","FIESTA",8500,6232
"FORD","FIESTA",7299,10201
"FORD","FIESTA",7300,13542
"FORD","FIESTA",6858,23371
"FORD","FIESTA",6895,28000
"FORD","FIESTA",6675,11390
"FORD","FIESTA",5387,56256
"FORD","FIESTA",7900,10303
"FORD","FIESTA",7291,8218
"FORD","FIESTA",6695,26340
"FORD","FIESTA",6990,15000
"FORD","FIESTA",7300,18086
"FORD","FIESTA",6999,22900
"FORD","FIESTA",7600,11513
"FORD","FIESTA",7900,14537
"FORD","FIESTA",7495,19448
"FORD","FIESTA",7000,13184
"FORD","FIESTA",8300,9877
"FORD","FIESTA",8000,12090
"FORD","FIESTA",7750,10000
"FORD","FIESTA",7499,20292
"FORD","FIESTA",6695,22005
"FORD","FIESTA",10000,10
"FORD","FIESTA",7495,30541
"FORD","FIESTA",5578,41233
"FORD","FIESTA",10000,2000
"FORD","FIESTA",8799,8577
"FORD","FIESTA",8391,2359
"FORD","FIESTA",9990,2000
"FORD","FIESTA",6790,12000
"FORD","FIESTA",7797,8516
"FORD","FIESTA",6995,13712
"FORD","FIESTA",7999,14705
"FORD","FIESTA",7100,5700
"FORD","FIESTA",6776,30215
"FORD","FIESTA",9000,4506
"FORD","FIESTA",7990,11000
"FORD","FIESTA",7595,8800
"FORD","FIESTA",7500,20000
"FORD","FIESTA",7000,17168
"FORD","FIESTA",9000,5608
"FORD","FIESTA",9320,3460
"FORD","FIESTA",6479,30571
"FORD","FIESTA",7599,6095
"FORD","FIESTA",7900,6587
"FORD","FIESTA",7990,8079
"FORD","FIESTA",6899,21550
"FORD","FIESTA",6270,15887
"FORD","FIESTA",7290,9972
"FORD","FIESTA",7950,13080
"FORD","FIESTA",8250,5481
"FORD","FIESTA",6800,12153
"FORD","FIESTA",8000,6204
"FORD","FIESTA",8390,6464
"FORD","FIESTA",7221,13998
"FORD","FIESTA",9000,3140
"FORD","FIESTA",7110,30233
"FORD","FIESTA",6999,20600
"FORD","FIESTA",8195,7404
"FORD","FIESTA",6900,19230
"FORD","FIESTA",7000,20402
"FORD","FIESTA",8500,7838
"FORD","FIESTA",9100,2318
"FORD","FIESTA",6500,23833
"FORD","FIESTA",6500,58406
"FORD","FIESTA",7490,11985
"FORD","FIESTA",5799,30000
"FORD","FIESTA",7799,13813
"FORD","FIESTA",7302,11161
"FORD","FIESTA",8995,6650
"FORD","FIESTA",6918,21732
"FORD","FIESTA",7395,3657
"FORD","FIESTA",10295,3000
"FORD","FIESTA",6800,18974
"FORD","FIESTA",8995,9000
"FORD","FIESTA",8450,7300
"FORD","FIESTA",7000,11024
"FORD","FIESTA",6490,37118
"FORD","FIESTA",7799,11321
"FORD","FIESTA",8695,7430
"FORD","FIESTA",8000,12495
"FORD","FIESTA",7992,12389
"FORD","FIESTA",6699,5518
"FORD","FIESTA",6692,19672
"FORD","FIESTA",8690,9214
"FORD","FIESTA",8491,9038
"FORD","FIESTA",7195,24259
"FORD","FIESTA",10990,12
"FORD","FIESTA",6497,14876
"FORD","FIESTA",6842,6823
"FORD","FIESTA",7950,6000
"FORD","FIESTA",7495,8341
"FORD","FIESTA",7200,9274
"FORD","FIESTA",8000,18438
"FORD","FIESTA",7000,19030
"FORD","FIESTA",7895,2879
"FORD","FIESTA",6499,29167
"FORD","FIESTA",7499,18864
"FORD","FIESTA",9750,100
"FORD","FIESTA",7999,9136
"FORD","FIESTA",8299,12334
"FORD","FIESTA",7297,12399
"FORD","FIESTA",8250,8157
"FORD","FIESTA",7000,10000
"FORD","FIESTA",7500,17888
"FORD","FIESTA",8500,9200
"FORD","FIESTA",9495,3600
"FORD","FIESTA",6990,21524
"FORD","FIESTA",7799,16124
"FORD","FIESTA",8660,9202
"FORD","FIESTA",10200,10
"FORD","FIESTA",8250,9160
"FORD","FIESTA",8000,17980
"FORD","FIESTA",9240,3781
"FORD","FIESTA",8495,3495
"FORD","FIESTA",9650,3347
"FORD","FIESTA",6299,16955
"FORD","FIESTA",6250,31367
"FORD","FIESTA",6795,27726
"FORD","FIESTA",9230,1730
"FORD","FIESTA",7490,12409
"FORD","FIESTA",6875,23157
"FORD","FIESTA",7494,10511
"FORD","FIESTA",9500,7009
"FORD","FIESTA",6495,42400
"FORD","FIESTA",9890,3939
"FORD","FIESTA",6750,33986
"FORD","FIESTA",6998,14457
"FORD","FIESTA",7995,14100
"FORD","FIESTA",6995,17000
"FORD","FIESTA",7795,20737
"FORD","FIESTA",7500,16750
"FORD","FIESTA",8500,7365
"FORD","FIESTA",7861,8708
"FORD","FIESTA",7970,24793
"FORD","FIESTA",10785,10
"FORD","FIESTA",6838,6550
"FORD","FIESTA",6950,29000
"FORD","FIESTA",7499,9784
"FORD","FIESTA",7995,10753
"FORD","FIESTA",9299,9079
"FORD","FIESTA",7980,27140
"FORD","FIESTA",7400,13762
"FORD","FIESTA",7750,14966
"FORD","FIESTA",7300,15858
"FORD","FIESTA",7994,8634
"FORD","FIESTA",6750,27806
"FORD","FIESTA",8300,8125
"FORD","FIESTA",7370,17105
"FORD","FIESTA",7500,9228
"FORD","FIESTA",8500,7037
"FORD","FIESTA",8350,10801
"FORD","FIESTA",7491,7854
"FORD","FIESTA",7494,12000
"FORD","FIESTA",7499,26243
"FORD","FIESTA",8495,5193
"FORD","FIESTA",8000,4745
"FORD","FIESTA",7500,11657
"FORD","FIESTA",7795,6271
"FORD","FIESTA",9800,4024
"FORD","FIESTA",7377,4867
"FORD","FIESTA",8500,7819
"FORD","FIESTA",7800,16240
"FORD","FIESTA",6438,13650
"FORD","FIESTA",8495,10000
"FORD","FIESTA",7990,15273
